id,exercicio,variacao,match
666,Supino,Reto halter,media\exercicios\GIFS TREINAMENTO FUNCIONAL\Supino em Pé com Faixa Elástica.gif;media\exercicios\GIFS ACADEMIA\PEITORAL\Supino declinada com alavanca.gif;media\exercicios\GIFS ACADEMIA\PEITORAL\Supino Declinado com Halteres.gif;media\exercicios\GIFS ACADEMIA\PEITORAL\Supino declinado na máquina Smith.gif;media\exercicios\GIFS ACADEMIA\PEITORAL\Supino declinado pegada martelo.gif
668,Supino,Inclinado halter,media\exercicios\GIFS TREINAMENTO FUNCIONAL\Supino em Pé com Faixa Elástica.gif;media\exercicios\GIFS ACADEMIA\PEITORAL\Supino declinada com alavanca.gif;media\exercicios\GIFS ACADEMIA\PEITORAL\Supino Declinado com Halteres.gif;media\exercicios\GIFS ACADEMIA\PEITORAL\Supino declinado na máquina Smith.gif;media\exercicios\GIFS ACADEMIA\PEITORAL\Supino declinado pegada martelo.gif
672,Crucifixo,Máquina,media\exercicios\GIFS ABDOMINAIS\Elevação de Pernas na máquina.gif;media\exercicios\GIFS ABDOMINAIS\Giro com Barra na Máquina Landmine.gif;media\exercicios\GIFS ABDOMINAIS\Máquina Abdominal Coaster.gif;media\exercicios\GIFS ABDOMINAIS\Máquina de Abdominais Sentado.gif;media\exercicios\GIFS ABDOMINAIS\Máquina de abdominal completo.gif
673,Crucifixo,Cross (cabo),media\exercicios\GIFS ACADEMIA\OMBROS\Crucifixo inverso unilateral com cabo.gif;media\exercicios\GIFS ACADEMIA\PEITORAL\Crucifixo com Cabo Declinado.gif;media\exercicios\GIFS ACADEMIA\PEITORAL\Crucifixo com Halteres Declinado.gif;media\exercicios\GIFS ACADEMIA\PEITORAL\Crucifixo com Halteres Inclinado.gif;media\exercicios\GIFS ACADEMIA\PEITORAL\Crucifixo com halteres.gif
675,Remada,Unilateral halter,media\exercicios\GIFS CALISTENIA\Remada com o Peso do Corpo na Porta.gif;media\exercicios\GIFS CROSSFIT\Remada com barra curvada para trás.gif;media\exercicios\GIFS TREINAMENTO FUNCIONAL\Remada com banda de resistência curvada para deltoides posterior.gif;media\exercicios\GIFS TREINAMENTO FUNCIONAL\Remada sentada com faixa.gif;media\exercicios\GIFS TREINAMENTO FUNCIONAL\Remada unilateral com gymstick.gif
677,Remada,Cavalinho,media\exercicios\GIFS CALISTENIA\Remada com o Peso do Corpo na Porta.gif;media\exercicios\GIFS CROSSFIT\Remada com barra curvada para trás.gif;media\exercicios\GIFS TREINAMENTO FUNCIONAL\Remada com banda de resistência curvada para deltoides posterior.gif;media\exercicios\GIFS TREINAMENTO FUNCIONAL\Remada sentada com faixa.gif;media\exercicios\GIFS TREINAMENTO FUNCIONAL\Remada unilateral com gymstick.gif
678,Puxada,Frontal aberta,media\exercicios\GIFS ABDOMINAIS\Elevação de Joelhos com Puxada de Pernas.gif;media\exercicios\GIFS ABDOMINAIS\Puxada de Pernas Sentado em Banco.gif;media\exercicios\GIFS CALISTENIA\Puxada escapular na barra fixa.gif;media\exercicios\GIFS CALISTENIA\Puxada Front Lever.gif;media\exercicios\GIFS CALISTENIA\Puxada isométrica.gif
679,Puxada,Frontal fechada,media\exercicios\GIFS ABDOMINAIS\Elevação de Joelhos com Puxada de Pernas.gif;media\exercicios\GIFS ABDOMINAIS\Puxada de Pernas Sentado em Banco.gif;media\exercicios\GIFS CALISTENIA\Puxada escapular na barra fixa.gif;media\exercicios\GIFS CALISTENIA\Puxada Front Lever.gif;media\exercicios\GIFS CALISTENIA\Puxada isométrica.gif
680,Puxada,Neutra,media\exercicios\GIFS ABDOMINAIS\Elevação de Joelhos com Puxada de Pernas.gif;media\exercicios\GIFS ABDOMINAIS\Puxada de Pernas Sentado em Banco.gif;media\exercicios\GIFS CALISTENIA\Puxada escapular na barra fixa.gif;media\exercicios\GIFS CALISTENIA\Puxada Front Lever.gif;media\exercicios\GIFS CALISTENIA\Puxada isométrica.gif
681,Puxada,Supinada,media\exercicios\GIFS ABDOMINAIS\Elevação de Joelhos com Puxada de Pernas.gif;media\exercicios\GIFS ABDOMINAIS\Puxada de Pernas Sentado em Banco.gif;media\exercicios\GIFS CALISTENIA\Puxada escapular na barra fixa.gif;media\exercicios\GIFS CALISTENIA\Puxada Front Lever.gif;media\exercicios\GIFS CALISTENIA\Puxada isométrica.gif
687,Elevação lateral,Polia,media\exercicios\GIFS ABDOMINAIS\Elevação Lateral Alternada com Halteres.gif;media\exercicios\GIFS ABDOMINAIS\Elevação lateral de joelhos na Barra Fixa.gif;media\exercicios\GIFS MOBILIDADE ALONGAMENTO LIBERAÇÃO\Elevação lateral de deltóide posterior com halteres.gif;media\exercicios\GIFS ACADEMIA\COSTAS\Puxada alta na polia nuca.gif;media\exercicios\GIFS ACADEMIA\COSTAS\Puxada na Polia Alta com Pegada Fechada.gif
690,Elevação frontal,Halteres,media\exercicios\GIFS ABDOMINAIS\Elevação em V com Halteres.gif;media\exercicios\GIFS ABDOMINAIS\Elevação Lateral Alternada com Halteres.gif;media\exercicios\GIFS ABDOMINAIS\Inclinação Lateral com Halteres.gif;media\exercicios\GIFS CALISTENIA\Flexão de Perna com Halteres em Decúbito Dorsal.gif;media\exercicios\GIFS CROSSFIT\Agachamento Pistola com Halteres.gif
691,Elevação frontal,Polia,media\exercicios\GIFS ACADEMIA\COSTAS\Puxada alta na polia nuca.gif;media\exercicios\GIFS ACADEMIA\COSTAS\Puxada na Polia Alta com Pegada Fechada.gif;media\exercicios\GIFS ACADEMIA\COSTAS\Remada Sentada com Corda na Polia.gif;media\exercicios\GIFS ACADEMIA\GLÚTEOS\Gluteos Coice nilateral Polia Baixa.gif;media\exercicios\GIFS ACADEMIA\GLÚTEOS\Glúteos na Polia Baixa.gif
696,Rosca,No cabo,media\exercicios\GIFS ABDOMINAIS\Giro Sentado com Cruzamento de Braços no Cabo.gif;media\exercicios\GIFS CROSSFIT\Elevação de Perna Única com Equilíbrio e Rosca de Bíceps.gif;media\exercicios\GIFS TREINAMENTO FUNCIONAL\Rosca bíceps com faixa elástica.gif;media\exercicios\GIFS TREINAMENTO FUNCIONAL\Rosca de bíceps unilateral com faixa de resistência.gif;media\exercicios\GIFS TREINAMENTO FUNCIONAL\Rosca martelo com faixa de resistência.gif
711,Abdução,Polia,media\exercicios\GIFS ABDOMINAIS\Abdução de quadril no apoio lateral.gif;media\exercicios\GIFS ACADEMIA\COSTAS\Puxada alta na polia nuca.gif;media\exercicios\GIFS ACADEMIA\COSTAS\Puxada na Polia Alta com Pegada Fechada.gif;media\exercicios\GIFS ACADEMIA\COSTAS\Remada Sentada com Corda na Polia.gif;media\exercicios\GIFS ACADEMIA\GLÚTEOS\Abdução de quadril com cabo.gif
712,Abdução,Elástico,media\exercicios\GIFS ABDOMINAIS\Abdominal tipo jack knife com elástico.gif;media\exercicios\GIFS ABDOMINAIS\Abdução de quadril no apoio lateral.gif;media\exercicios\GIFS TREINAMENTO FUNCIONAL\Extensão de tríceps com elástico na posição horizontal.gif;media\exercicios\GIFS TREINAMENTO FUNCIONAL\Step com elástico.gif;media\exercicios\GIFS TREINAMENTO FUNCIONAL\Stiff com Elástico de Resistência.gif
713,Panturrilha,Em pé,media\exercicios\GIFS ABDOMINAIS\Encolhimento Abdominal em Pé com Cabo.gif;media\exercicios\GIFS ABDOMINAIS\Inclinação Lateral em Pé com Gymstick.gif;media\exercicios\GIFS ABDOMINAIS\Inclinação Lateral em Pé.gif;media\exercicios\GIFS ABDOMINAIS\Rolamento com barra em pé.gif;media\exercicios\GIFS ABDOMINAIS\Torção de Alto para Baixo com Cabo em Pé.gif
717,Agachamento,Livre,media\exercicios\GIFS CALISTENIA\Agachamento Pistol com TRX.gif;media\exercicios\GIFS CALISTENIA\Agachamento Pistola Apoiado.gif;media\exercicios\GIFS CALISTENIA\Agachamento Pistola com Kettlebell.gif;media\exercicios\GIFS CALISTENIA\Agachamento Pistola na Caixa.gif;media\exercicios\GIFS CALISTENIA\Agachamento Sissy ajoelhado com Peso Corporal.gif
719,Agachamento,Frontal,media\exercicios\GIFS ABDOMINAIS\Prancha Frontal com Elevação de Braço e Perna.gif;media\exercicios\GIFS ABDOMINAIS\Prancha Frontal com Elevação de Braço.gif;media\exercicios\GIFS ABDOMINAIS\Prancha Frontal com Peso.gif;media\exercicios\GIFS CALISTENIA\Agachamento Pistol com TRX.gif;media\exercicios\GIFS CALISTENIA\Agachamento Pistola Apoiado.gif
725,Cadeira extensora,Unilateral,media\exercicios\GIFS CROSSFIT\Desenvolvimentos com kettlebell unilateral de joelhos.gif;media\exercicios\GIFS TREINAMENTO FUNCIONAL\Desenvolvimento de ombro unilateral com banda.gif;media\exercicios\GIFS TREINAMENTO FUNCIONAL\Remada unilateral com gymstick.gif;media\exercicios\GIFS TREINAMENTO FUNCIONAL\Rosca de bíceps unilateral com faixa de resistência.gif;media\exercicios\GIFS ACADEMIA\COSTAS\Puxada alta unilateral alta ajoelhada.gif
726,Cadeira extensora,Bilateral,media\exercicios\GIFS ACADEMIA\PERNAS\Cadeira extensora.gif;media\exercicios\GIFS ACADEMIA\TRÍCEPS\Tríceps Francês com Halter Bilateral.gif
730,Stiff,Halteres,media\exercicios\GIFS ABDOMINAIS\Elevação em V com Halteres.gif;media\exercicios\GIFS ABDOMINAIS\Elevação Lateral Alternada com Halteres.gif;media\exercicios\GIFS ABDOMINAIS\Inclinação Lateral com Halteres.gif;media\exercicios\GIFS CALISTENIA\Flexão de Perna com Halteres em Decúbito Dorsal.gif;media\exercicios\GIFS CROSSFIT\Agachamento Pistola com Halteres.gif
731,Stiff,Smith,media\exercicios\GIFS TREINAMENTO FUNCIONAL\Stiff com Elástico de Resistência.gif;media\exercicios\GIFS ACADEMIA\GLÚTEOS\Elevação Pélvica na Máquina Smith.gif;media\exercicios\GIFS ACADEMIA\GLÚTEOS\Extensão de Perna na Máquina Smith Reversa.gif;media\exercicios\GIFS ACADEMIA\GLÚTEOS\Glúteo Coice No Smith.gif;media\exercicios\GIFS ACADEMIA\OMBROS\Desenvolvimento de ombros atrás da cabeça na máquina Smith.gif
733,Afundo,Smith,media\exercicios\GIFS CROSSFIT\Arranco com kettlebell em afundo.gif;media\exercicios\GIFS TREINAMENTO FUNCIONAL\Afundo Alternado com Salto.gif;media\exercicios\GIFS TREINAMENTO FUNCIONAL\Afundo com Gymstick.gif;media\exercicios\GIFS TREINAMENTO FUNCIONAL\Afundo Lateral.gif;media\exercicios\GIFS TREINAMENTO FUNCIONAL\Afundo no banco.gif
734,Afundo,Passada,media\exercicios\GIFS CROSSFIT\Arranco com kettlebell em afundo.gif;media\exercicios\GIFS TREINAMENTO FUNCIONAL\Afundo Alternado com Salto.gif;media\exercicios\GIFS TREINAMENTO FUNCIONAL\Afundo com Gymstick.gif;media\exercicios\GIFS TREINAMENTO FUNCIONAL\Afundo Lateral.gif;media\exercicios\GIFS TREINAMENTO FUNCIONAL\Afundo no banco.gif
1163,Abdominal,Abdominal Com Joelhos,media\exercicios\GIFS ABDOMINAIS\Abdominal Bicicleta com Gymstick.gif;media\exercicios\GIFS ABDOMINAIS\Abdominal Bicicleta.gif;media\exercicios\GIFS ABDOMINAIS\Abdominal com Bola Medicinal.gif;media\exercicios\GIFS ABDOMINAIS\Abdominal com Braços Estendidos.gif;media\exercicios\GIFS ABDOMINAIS\Abdominal com Elevação de Pernas.gif
840,Supino,Supino Inclinado Na Máquina Com Pegada,media\exercicios\GIFS TREINAMENTO FUNCIONAL\Supino em Pé com Faixa Elástica.gif;media\exercicios\GIFS ACADEMIA\PEITORAL\Supino declinada com alavanca.gif;media\exercicios\GIFS ACADEMIA\PEITORAL\Supino Declinado com Halteres.gif;media\exercicios\GIFS ACADEMIA\PEITORAL\Supino declinado na máquina Smith.gif;media\exercicios\GIFS ACADEMIA\PEITORAL\Supino declinado pegada martelo.gif
841,Supino,Supino Inclinado,media\exercicios\GIFS TREINAMENTO FUNCIONAL\Supino em Pé com Faixa Elástica.gif;media\exercicios\GIFS ACADEMIA\PEITORAL\Supino declinada com alavanca.gif;media\exercicios\GIFS ACADEMIA\PEITORAL\Supino Declinado com Halteres.gif;media\exercicios\GIFS ACADEMIA\PEITORAL\Supino declinado na máquina Smith.gif;media\exercicios\GIFS ACADEMIA\PEITORAL\Supino declinado pegada martelo.gif
834,Supino,Supino Inclinado Com Halteres E Pegada,media\exercicios\GIFS TREINAMENTO FUNCIONAL\Supino em Pé com Faixa Elástica.gif;media\exercicios\GIFS ACADEMIA\PEITORAL\Supino declinada com alavanca.gif;media\exercicios\GIFS ACADEMIA\PEITORAL\Supino Declinado com Halteres.gif;media\exercicios\GIFS ACADEMIA\PEITORAL\Supino declinado na máquina Smith.gif;media\exercicios\GIFS ACADEMIA\PEITORAL\Supino declinado pegada martelo.gif
836,Supino,Supino Declinada,media\exercicios\GIFS TREINAMENTO FUNCIONAL\Supino em Pé com Faixa Elástica.gif;media\exercicios\GIFS ACADEMIA\PEITORAL\Supino declinada com alavanca.gif;media\exercicios\GIFS ACADEMIA\PEITORAL\Supino Declinado com Halteres.gif;media\exercicios\GIFS ACADEMIA\PEITORAL\Supino declinado na máquina Smith.gif;media\exercicios\GIFS ACADEMIA\PEITORAL\Supino declinado pegada martelo.gif
837,Outros,Pullover Com Halteres Na Bola,media\exercicios\GIFS ACADEMIA\PEITORAL\Pullover com Halteres na Bola de Estabilidade.gif
838,Supino,Supino Pegada,media\exercicios\GIFS TREINAMENTO FUNCIONAL\Supino em Pé com Faixa Elástica.gif;media\exercicios\GIFS ACADEMIA\PEITORAL\Supino declinada com alavanca.gif;media\exercicios\GIFS ACADEMIA\PEITORAL\Supino Declinado com Halteres.gif;media\exercicios\GIFS ACADEMIA\PEITORAL\Supino declinado na máquina Smith.gif;media\exercicios\GIFS ACADEMIA\PEITORAL\Supino declinado pegada martelo.gif
839,Outros,Mergulho De Peito,media\exercicios\GIFS ACADEMIA\PEITORAL\Mergulho de peito assistido.gif
1164,Abdominal,Abdominal Com Bola,media\exercicios\GIFS ABDOMINAIS\Abdominal Bicicleta com Gymstick.gif;media\exercicios\GIFS ABDOMINAIS\Abdominal Bicicleta.gif;media\exercicios\GIFS ABDOMINAIS\Abdominal com Bola Medicinal.gif;media\exercicios\GIFS ABDOMINAIS\Abdominal com Braços Estendidos.gif;media\exercicios\GIFS ABDOMINAIS\Abdominal com Elevação de Pernas.gif
846,Supino,Supino Invertido Com Pegada,media\exercicios\GIFS TREINAMENTO FUNCIONAL\Supino em Pé com Faixa Elástica.gif;media\exercicios\GIFS ACADEMIA\PEITORAL\Supino declinada com alavanca.gif;media\exercicios\GIFS ACADEMIA\PEITORAL\Supino Declinado com Halteres.gif;media\exercicios\GIFS ACADEMIA\PEITORAL\Supino declinado na máquina Smith.gif;media\exercicios\GIFS ACADEMIA\PEITORAL\Supino declinado pegada martelo.gif
847,Supino,Supino Unilateral,media\exercicios\GIFS TREINAMENTO FUNCIONAL\Supino em Pé com Faixa Elástica.gif;media\exercicios\GIFS ACADEMIA\PEITORAL\Supino declinada com alavanca.gif;media\exercicios\GIFS ACADEMIA\PEITORAL\Supino Declinado com Halteres.gif;media\exercicios\GIFS ACADEMIA\PEITORAL\Supino declinado na máquina Smith.gif;media\exercicios\GIFS ACADEMIA\PEITORAL\Supino declinado pegada martelo.gif
849,Supino,Supino Declinado Pegada,media\exercicios\GIFS TREINAMENTO FUNCIONAL\Supino em Pé com Faixa Elástica.gif;media\exercicios\GIFS ACADEMIA\PEITORAL\Supino declinada com alavanca.gif;media\exercicios\GIFS ACADEMIA\PEITORAL\Supino Declinado com Halteres.gif;media\exercicios\GIFS ACADEMIA\PEITORAL\Supino declinado na máquina Smith.gif;media\exercicios\GIFS ACADEMIA\PEITORAL\Supino declinado pegada martelo.gif
851,Cross Over,Crossover,media\exercicios\GIFS ACADEMIA\OMBROS\Elevação lateral cruzada no crossover.gif;media\exercicios\GIFS ACADEMIA\PEITORAL\Cross over polia Alta.gif;media\exercicios\GIFS ACADEMIA\PEITORAL\Cross over polia baixa.gif;media\exercicios\GIFS ACADEMIA\PEITORAL\Crossover de peitoral superior com cabo.gif;media\exercicios\GIFS ACADEMIA\PEITORAL\Crossover na Alavanca.gif
852,Supino,Supino Declinado Unilateral Pegada Martelo,media\exercicios\GIFS TREINAMENTO FUNCIONAL\Supino em Pé com Faixa Elástica.gif;media\exercicios\GIFS ACADEMIA\PEITORAL\Supino declinada com alavanca.gif;media\exercicios\GIFS ACADEMIA\PEITORAL\Supino Declinado com Halteres.gif;media\exercicios\GIFS ACADEMIA\PEITORAL\Supino declinado na máquina Smith.gif;media\exercicios\GIFS ACADEMIA\PEITORAL\Supino declinado pegada martelo.gif
854,Crucifixo,Crucifixo Com Cabo,media\exercicios\GIFS ACADEMIA\OMBROS\Crucifixo inverso unilateral com cabo.gif;media\exercicios\GIFS ACADEMIA\PEITORAL\Crucifixo com Cabo Declinado.gif;media\exercicios\GIFS ACADEMIA\PEITORAL\Crucifixo com Halteres Declinado.gif;media\exercicios\GIFS ACADEMIA\PEITORAL\Crucifixo com Halteres Inclinado.gif;media\exercicios\GIFS ACADEMIA\PEITORAL\Crucifixo com halteres.gif
857,Supino,Supino Declinado,media\exercicios\GIFS TREINAMENTO FUNCIONAL\Supino em Pé com Faixa Elástica.gif;media\exercicios\GIFS ACADEMIA\PEITORAL\Supino declinada com alavanca.gif;media\exercicios\GIFS ACADEMIA\PEITORAL\Supino Declinado com Halteres.gif;media\exercicios\GIFS ACADEMIA\PEITORAL\Supino declinado na máquina Smith.gif;media\exercicios\GIFS ACADEMIA\PEITORAL\Supino declinado pegada martelo.gif
858,Supino,Supino Unilateral Com Halteres Com Pegada,media\exercicios\GIFS TREINAMENTO FUNCIONAL\Supino em Pé com Faixa Elástica.gif;media\exercicios\GIFS ACADEMIA\PEITORAL\Supino declinada com alavanca.gif;media\exercicios\GIFS ACADEMIA\PEITORAL\Supino Declinado com Halteres.gif;media\exercicios\GIFS ACADEMIA\PEITORAL\Supino declinado na máquina Smith.gif;media\exercicios\GIFS ACADEMIA\PEITORAL\Supino declinado pegada martelo.gif
859,Supino,Supino Inclinado Com Pegada,media\exercicios\GIFS TREINAMENTO FUNCIONAL\Supino em Pé com Faixa Elástica.gif;media\exercicios\GIFS ACADEMIA\PEITORAL\Supino declinada com alavanca.gif;media\exercicios\GIFS ACADEMIA\PEITORAL\Supino Declinado com Halteres.gif;media\exercicios\GIFS ACADEMIA\PEITORAL\Supino declinado na máquina Smith.gif;media\exercicios\GIFS ACADEMIA\PEITORAL\Supino declinado pegada martelo.gif
860,Puxada,Puxada Alta Com Um Joelho,media\exercicios\GIFS ABDOMINAIS\Elevação de Joelhos com Puxada de Pernas.gif;media\exercicios\GIFS ABDOMINAIS\Puxada de Pernas Sentado em Banco.gif;media\exercicios\GIFS CALISTENIA\Puxada escapular na barra fixa.gif;media\exercicios\GIFS CALISTENIA\Puxada Front Lever.gif;media\exercicios\GIFS CALISTENIA\Puxada isométrica.gif
864,Remada,Remada T Invertida,media\exercicios\GIFS CALISTENIA\Remada com o Peso do Corpo na Porta.gif;media\exercicios\GIFS CROSSFIT\Remada com barra curvada para trás.gif;media\exercicios\GIFS TREINAMENTO FUNCIONAL\Remada com banda de resistência curvada para deltoides posterior.gif;media\exercicios\GIFS TREINAMENTO FUNCIONAL\Remada sentada com faixa.gif;media\exercicios\GIFS TREINAMENTO FUNCIONAL\Remada unilateral com gymstick.gif
865,Outros,Pullover Na Máquina,media\exercicios\GIFS ACADEMIA\COSTAS\Pullover na Máquina de Alavanca.gif
867,Remada,Remada,media\exercicios\GIFS CALISTENIA\Remada com o Peso do Corpo na Porta.gif;media\exercicios\GIFS CROSSFIT\Remada com barra curvada para trás.gif;media\exercicios\GIFS TREINAMENTO FUNCIONAL\Remada com banda de resistência curvada para deltoides posterior.gif;media\exercicios\GIFS TREINAMENTO FUNCIONAL\Remada sentada com faixa.gif;media\exercicios\GIFS TREINAMENTO FUNCIONAL\Remada unilateral com gymstick.gif
871,Remada,Remada T,media\exercicios\GIFS CALISTENIA\Remada com o Peso do Corpo na Porta.gif;media\exercicios\GIFS CROSSFIT\Remada com barra curvada para trás.gif;media\exercicios\GIFS TREINAMENTO FUNCIONAL\Remada com banda de resistência curvada para deltoides posterior.gif;media\exercicios\GIFS TREINAMENTO FUNCIONAL\Remada sentada com faixa.gif;media\exercicios\GIFS TREINAMENTO FUNCIONAL\Remada unilateral com gymstick.gif
872,Outros,Pullover Com Barra W Pegada,media\exercicios\GIFS ACADEMIA\COSTAS\Pullover com Barra W Pegada invertida.gif
878,Puxada,Puxada Na Polia Alta Com Pegada,media\exercicios\GIFS ABDOMINAIS\Elevação de Joelhos com Puxada de Pernas.gif;media\exercicios\GIFS ABDOMINAIS\Puxada de Pernas Sentado em Banco.gif;media\exercicios\GIFS CALISTENIA\Puxada escapular na barra fixa.gif;media\exercicios\GIFS CALISTENIA\Puxada Front Lever.gif;media\exercicios\GIFS CALISTENIA\Puxada isométrica.gif
880,Outros,Pullover Com Barra No Banco,media\exercicios\GIFS ACADEMIA\COSTAS\Pullover com barra no banco declinado.gif
881,Puxada,Puxada Alta Unilateral Alta,media\exercicios\GIFS ABDOMINAIS\Elevação de Joelhos com Puxada de Pernas.gif;media\exercicios\GIFS ABDOMINAIS\Puxada de Pernas Sentado em Banco.gif;media\exercicios\GIFS CALISTENIA\Puxada escapular na barra fixa.gif;media\exercicios\GIFS CALISTENIA\Puxada Front Lever.gif;media\exercicios\GIFS CALISTENIA\Puxada isométrica.gif
882,Agachamento,Agachamento Com Salto Usando Barra,media\exercicios\GIFS CALISTENIA\Agachamento Pistol com TRX.gif;media\exercicios\GIFS CALISTENIA\Agachamento Pistola Apoiado.gif;media\exercicios\GIFS CALISTENIA\Agachamento Pistola com Kettlebell.gif;media\exercicios\GIFS CALISTENIA\Agachamento Pistola na Caixa.gif;media\exercicios\GIFS CALISTENIA\Agachamento Sissy ajoelhado com Peso Corporal.gif
883,Outros,Flexão De Pernas Na Bola,media\exercicios\GIFS TREINAMENTO FUNCIONAL\Flexão de Pernas na Bola de Estabilidade.gif;media\exercicios\GIFS ACADEMIA\PERNAS\Flexão de Pernas na Bola de Estabilidade.gif
891,Outros,Avanço Invertido,media\exercicios\GIFS ACADEMIA\PERNAS\Avanço Invertido com Halteres.gif
892,Agachamento,Agachamento Goblet,media\exercicios\GIFS CALISTENIA\Agachamento Pistol com TRX.gif;media\exercicios\GIFS CALISTENIA\Agachamento Pistola Apoiado.gif;media\exercicios\GIFS CALISTENIA\Agachamento Pistola com Kettlebell.gif;media\exercicios\GIFS CALISTENIA\Agachamento Pistola na Caixa.gif;media\exercicios\GIFS CALISTENIA\Agachamento Sissy ajoelhado com Peso Corporal.gif
895,Outros,Elevação De Perna Em Pé,media\exercicios\GIFS ACADEMIA\PERNAS\Elevação de Perna em Pé com Alavanca.gif
897,Outros,Elevação De Joelho,media\exercicios\GIFS ABDOMINAIS\Elevação de Joelhos com Puxada de Pernas.gif;media\exercicios\GIFS ABDOMINAIS\Elevação de Joelhos na Barra Fixa.gif;media\exercicios\GIFS TREINAMENTO FUNCIONAL\Subida no Step com Elevação de Joelhos.gif;media\exercicios\GIFS ACADEMIA\PERNAS\Elevação de Joelho com Halteres.gif;media\exercicios\GIFS ACADEMIA\PERNAS\Subida no Step com Elevação de Joelhos.gif
899,Outros,Stiff Unilateral,media\exercicios\GIFS ACADEMIA\PERNAS\Stiff Unilateral com Barra.gif;media\exercicios\GIFS ACADEMIA\PERNAS\Stiff Unilateral com Halteres.gif
900,Outros,Elevação Com Barra Em,media\exercicios\GIFS ACADEMIA\PERNAS\Elevação com Barra em Degrau.gif
901,Outros,Extensão De Perna,media\exercicios\GIFS ACADEMIA\GLÚTEOS\Elevação Pélvica na Máquina de Extensão de Pernas.gif;media\exercicios\GIFS ACADEMIA\GLÚTEOS\Extensão de Perna na Máquina Smith Reversa.gif;media\exercicios\GIFS ACADEMIA\GLÚTEOS\Glúteo Coice Na Máquina De Extensão De Pernas.gif;media\exercicios\GIFS ACADEMIA\PERNAS\Extensão de Perna Unilateral.gif
902,Outros,Wall Sit,media\exercicios\GIFS TREINAMENTO FUNCIONAL\Wall Sit com Inclinação de Tronco.gif;media\exercicios\GIFS TREINAMENTO FUNCIONAL\Wall Sit.gif;media\exercicios\GIFS ACADEMIA\PERNAS\Wall Sit.gif
904,Outros,Subida No Step Com Elevação,media\exercicios\GIFS TREINAMENTO FUNCIONAL\Subida no Step com Elevação de Joelhos.gif;media\exercicios\GIFS ACADEMIA\PERNAS\Subida no Step com Elevação de Joelhos.gif
905,Outros,Afundo,media\exercicios\GIFS CROSSFIT\Arranco com kettlebell em afundo.gif;media\exercicios\GIFS TREINAMENTO FUNCIONAL\Afundo Alternado com Salto.gif;media\exercicios\GIFS TREINAMENTO FUNCIONAL\Afundo com Gymstick.gif;media\exercicios\GIFS TREINAMENTO FUNCIONAL\Afundo Lateral.gif;media\exercicios\GIFS TREINAMENTO FUNCIONAL\Afundo no banco.gif
906,Outros,Flexão De Pernas,media\exercicios\GIFS CALISTENIA\Flexão de pernas com toalha.gif;media\exercicios\GIFS TREINAMENTO FUNCIONAL\Flexão de Pernas com Faixa Elástica.gif;media\exercicios\GIFS TREINAMENTO FUNCIONAL\Flexão de pernas com toalha.gif;media\exercicios\GIFS TREINAMENTO FUNCIONAL\Flexão de Pernas deitado com Faixa Elástica.gif;media\exercicios\GIFS TREINAMENTO FUNCIONAL\Flexão de Pernas na Bola de Estabilidade.gif
907,Leg Press,Leg Press,media\exercicios\GIFS ACADEMIA\PANTURRILHAS\Elevação de Panturrilha no Leg Press horizontal.gif;media\exercicios\GIFS ACADEMIA\PANTURRILHAS\Elevação de Panturrilha no Leg Press.gif;media\exercicios\GIFS ACADEMIA\PANTURRILHAS\Elevação Unilateral de Panturrilha no Leg Press.gif;media\exercicios\GIFS ACADEMIA\PERNAS\Leg Press Horizontal.gif
908,Outros,Flexão De Pernas Com Halteres,media\exercicios\GIFS ACADEMIA\PERNAS\Flexão de Pernas com Halteres Declinado.gif
1165,Abdominal,Abdominal Com Braços,media\exercicios\GIFS ABDOMINAIS\Abdominal Bicicleta com Gymstick.gif;media\exercicios\GIFS ABDOMINAIS\Abdominal Bicicleta.gif;media\exercicios\GIFS ABDOMINAIS\Abdominal com Bola Medicinal.gif;media\exercicios\GIFS ABDOMINAIS\Abdominal com Braços Estendidos.gif;media\exercicios\GIFS ABDOMINAIS\Abdominal com Elevação de Pernas.gif
910,Agachamento,Agachamento Unilateral Cruzado,media\exercicios\GIFS CALISTENIA\Agachamento Pistol com TRX.gif;media\exercicios\GIFS CALISTENIA\Agachamento Pistola Apoiado.gif;media\exercicios\GIFS CALISTENIA\Agachamento Pistola com Kettlebell.gif;media\exercicios\GIFS CALISTENIA\Agachamento Pistola na Caixa.gif;media\exercicios\GIFS CALISTENIA\Agachamento Sissy ajoelhado com Peso Corporal.gif
911,Outros,Pressão Unilateral Assistida Por,media\exercicios\GIFS ACADEMIA\PERNAS\Pressão Unilateral Assistida por Alavanca.gif
916,Tríceps Francês,Tríceps Francês,media\exercicios\GIFS TREINAMENTO FUNCIONAL\Tríceps Francês com Faixa Elástica Acima da Cabeça.gif;media\exercicios\GIFS TREINAMENTO FUNCIONAL\Tríceps Francês em Pé com Gymstick.gif;media\exercicios\GIFS ACADEMIA\TRÍCEPS\Tríceps Francês Alternada com Halteres no Banco Inclinado.gif;media\exercicios\GIFS ACADEMIA\TRÍCEPS\Tríceps francês com barra W acima da cabeça sentado.gif;media\exercicios\GIFS ACADEMIA\TRÍCEPS\Tríceps Francês com Halter Bilateral.gif
917,Tríceps,Extensão De Tríceps Com Cabo Em Posição,media\exercicios\GIFS MOBILIDADE ALONGAMENTO LIBERAÇÃO\Alongamento de tríceps em pé.gif;media\exercicios\GIFS TREINAMENTO FUNCIONAL\Extensão de tríceps com elástico na posição horizontal.gif;media\exercicios\GIFS TREINAMENTO FUNCIONAL\Extensão de Tríceps com Faixa Elástica.gif;media\exercicios\GIFS TREINAMENTO FUNCIONAL\Extensão de Tríceps com Faixas Elásticas.gif;media\exercicios\GIFS TREINAMENTO FUNCIONAL\Tríceps Francês com Faixa Elástica Acima da Cabeça.gif
923,Tríceps,Extensão De Tríceps Com Cabo,media\exercicios\GIFS MOBILIDADE ALONGAMENTO LIBERAÇÃO\Alongamento de tríceps em pé.gif;media\exercicios\GIFS TREINAMENTO FUNCIONAL\Extensão de tríceps com elástico na posição horizontal.gif;media\exercicios\GIFS TREINAMENTO FUNCIONAL\Extensão de Tríceps com Faixa Elástica.gif;media\exercicios\GIFS TREINAMENTO FUNCIONAL\Extensão de Tríceps com Faixas Elásticas.gif;media\exercicios\GIFS TREINAMENTO FUNCIONAL\Tríceps Francês com Faixa Elástica Acima da Cabeça.gif
924,Tríceps Francês,Tríceps Francês Alternada Com Halteres No Banco,media\exercicios\GIFS TREINAMENTO FUNCIONAL\Tríceps Francês com Faixa Elástica Acima da Cabeça.gif;media\exercicios\GIFS TREINAMENTO FUNCIONAL\Tríceps Francês em Pé com Gymstick.gif;media\exercicios\GIFS ACADEMIA\TRÍCEPS\Tríceps Francês Alternada com Halteres no Banco Inclinado.gif;media\exercicios\GIFS ACADEMIA\TRÍCEPS\Tríceps francês com barra W acima da cabeça sentado.gif;media\exercicios\GIFS ACADEMIA\TRÍCEPS\Tríceps Francês com Halter Bilateral.gif
925,Outros,Extensão Concentrada Com Cabo,media\exercicios\GIFS ACADEMIA\TRÍCEPS\Extensão Concentrada com Cabo no Joelho.gif
928,Tríceps Francês,Tríceps Francês Com Halter,media\exercicios\GIFS TREINAMENTO FUNCIONAL\Tríceps Francês com Faixa Elástica Acima da Cabeça.gif;media\exercicios\GIFS TREINAMENTO FUNCIONAL\Tríceps Francês em Pé com Gymstick.gif;media\exercicios\GIFS ACADEMIA\TRÍCEPS\Tríceps Francês Alternada com Halteres no Banco Inclinado.gif;media\exercicios\GIFS ACADEMIA\TRÍCEPS\Tríceps francês com barra W acima da cabeça sentado.gif;media\exercicios\GIFS ACADEMIA\TRÍCEPS\Tríceps Francês com Halter Bilateral.gif
929,Tríceps,Extensão De Tríceps Invertida,media\exercicios\GIFS MOBILIDADE ALONGAMENTO LIBERAÇÃO\Alongamento de tríceps em pé.gif;media\exercicios\GIFS TREINAMENTO FUNCIONAL\Extensão de tríceps com elástico na posição horizontal.gif;media\exercicios\GIFS TREINAMENTO FUNCIONAL\Extensão de Tríceps com Faixa Elástica.gif;media\exercicios\GIFS TREINAMENTO FUNCIONAL\Extensão de Tríceps com Faixas Elásticas.gif;media\exercicios\GIFS TREINAMENTO FUNCIONAL\Tríceps Francês com Faixa Elástica Acima da Cabeça.gif
930,Tríceps,Extensão De Tríceps Com Barra W,media\exercicios\GIFS MOBILIDADE ALONGAMENTO LIBERAÇÃO\Alongamento de tríceps em pé.gif;media\exercicios\GIFS TREINAMENTO FUNCIONAL\Extensão de tríceps com elástico na posição horizontal.gif;media\exercicios\GIFS TREINAMENTO FUNCIONAL\Extensão de Tríceps com Faixa Elástica.gif;media\exercicios\GIFS TREINAMENTO FUNCIONAL\Extensão de Tríceps com Faixas Elásticas.gif;media\exercicios\GIFS TREINAMENTO FUNCIONAL\Tríceps Francês com Faixa Elástica Acima da Cabeça.gif
935,Tríceps Testa,Tríceps Testa Pegada Neutra,media\exercicios\GIFS ACADEMIA\TRÍCEPS\Extensão de Tríceps Testa Declinado Fechado.gif;media\exercicios\GIFS ACADEMIA\TRÍCEPS\Tríceps Testa com Banco Declinado com Halteres.gif;media\exercicios\GIFS ACADEMIA\TRÍCEPS\Tríceps Testa com Barra Pegada Invertida.gif;media\exercicios\GIFS ACADEMIA\TRÍCEPS\Tríceps testa com barra.gif;media\exercicios\GIFS ACADEMIA\TRÍCEPS\Tríceps testa pegada neutra com halteres.gif
936,Tríceps Testa,Tríceps Testa Com Barra Pegada,media\exercicios\GIFS ACADEMIA\TRÍCEPS\Extensão de Tríceps Testa Declinado Fechado.gif;media\exercicios\GIFS ACADEMIA\TRÍCEPS\Tríceps Testa com Banco Declinado com Halteres.gif;media\exercicios\GIFS ACADEMIA\TRÍCEPS\Tríceps Testa com Barra Pegada Invertida.gif;media\exercicios\GIFS ACADEMIA\TRÍCEPS\Tríceps testa com barra.gif;media\exercicios\GIFS ACADEMIA\TRÍCEPS\Tríceps testa pegada neutra com halteres.gif
937,Tríceps,Tríceps Pulley Pegada,media\exercicios\GIFS MOBILIDADE ALONGAMENTO LIBERAÇÃO\Alongamento de tríceps em pé.gif;media\exercicios\GIFS TREINAMENTO FUNCIONAL\Extensão de tríceps com elástico na posição horizontal.gif;media\exercicios\GIFS TREINAMENTO FUNCIONAL\Extensão de Tríceps com Faixa Elástica.gif;media\exercicios\GIFS TREINAMENTO FUNCIONAL\Extensão de Tríceps com Faixas Elásticas.gif;media\exercicios\GIFS TREINAMENTO FUNCIONAL\Tríceps Francês com Faixa Elástica Acima da Cabeça.gif
938,Supino,Supino,media\exercicios\GIFS TREINAMENTO FUNCIONAL\Supino em Pé com Faixa Elástica.gif;media\exercicios\GIFS ACADEMIA\PEITORAL\Supino declinada com alavanca.gif;media\exercicios\GIFS ACADEMIA\PEITORAL\Supino Declinado com Halteres.gif;media\exercicios\GIFS ACADEMIA\PEITORAL\Supino declinado na máquina Smith.gif;media\exercicios\GIFS ACADEMIA\PEITORAL\Supino declinado pegada martelo.gif
942,Tríceps Testa,Extensão De Tríceps Testa Declinado,media\exercicios\GIFS ACADEMIA\TRÍCEPS\Extensão de Tríceps Testa Declinado Fechado.gif;media\exercicios\GIFS ACADEMIA\TRÍCEPS\Tríceps Testa com Banco Declinado com Halteres.gif;media\exercicios\GIFS ACADEMIA\TRÍCEPS\Tríceps Testa com Barra Pegada Invertida.gif;media\exercicios\GIFS ACADEMIA\TRÍCEPS\Tríceps testa com barra.gif;media\exercicios\GIFS ACADEMIA\TRÍCEPS\Tríceps testa pegada neutra com halteres.gif
943,Tríceps Testa,Tríceps Testa Com Banco Declinado,media\exercicios\GIFS ACADEMIA\TRÍCEPS\Extensão de Tríceps Testa Declinado Fechado.gif;media\exercicios\GIFS ACADEMIA\TRÍCEPS\Tríceps Testa com Banco Declinado com Halteres.gif;media\exercicios\GIFS ACADEMIA\TRÍCEPS\Tríceps Testa com Barra Pegada Invertida.gif;media\exercicios\GIFS ACADEMIA\TRÍCEPS\Tríceps testa com barra.gif;media\exercicios\GIFS ACADEMIA\TRÍCEPS\Tríceps testa pegada neutra com halteres.gif
944,Tríceps,Extensão De Tríceps Com Pegada,media\exercicios\GIFS MOBILIDADE ALONGAMENTO LIBERAÇÃO\Alongamento de tríceps em pé.gif;media\exercicios\GIFS TREINAMENTO FUNCIONAL\Extensão de tríceps com elástico na posição horizontal.gif;media\exercicios\GIFS TREINAMENTO FUNCIONAL\Extensão de Tríceps com Faixa Elástica.gif;media\exercicios\GIFS TREINAMENTO FUNCIONAL\Extensão de Tríceps com Faixas Elásticas.gif;media\exercicios\GIFS TREINAMENTO FUNCIONAL\Tríceps Francês com Faixa Elástica Acima da Cabeça.gif
946,Tríceps Francês,Tríceps Francês Com Barra W Acima Da Cabeça,media\exercicios\GIFS TREINAMENTO FUNCIONAL\Tríceps Francês com Faixa Elástica Acima da Cabeça.gif;media\exercicios\GIFS TREINAMENTO FUNCIONAL\Tríceps Francês em Pé com Gymstick.gif;media\exercicios\GIFS ACADEMIA\TRÍCEPS\Tríceps Francês Alternada com Halteres no Banco Inclinado.gif;media\exercicios\GIFS ACADEMIA\TRÍCEPS\Tríceps francês com barra W acima da cabeça sentado.gif;media\exercicios\GIFS ACADEMIA\TRÍCEPS\Tríceps Francês com Halter Bilateral.gif
947,Tríceps,Extensão De Tríceps Com Cabo Na Posição,media\exercicios\GIFS MOBILIDADE ALONGAMENTO LIBERAÇÃO\Alongamento de tríceps em pé.gif;media\exercicios\GIFS TREINAMENTO FUNCIONAL\Extensão de tríceps com elástico na posição horizontal.gif;media\exercicios\GIFS TREINAMENTO FUNCIONAL\Extensão de Tríceps com Faixa Elástica.gif;media\exercicios\GIFS TREINAMENTO FUNCIONAL\Extensão de Tríceps com Faixas Elásticas.gif;media\exercicios\GIFS TREINAMENTO FUNCIONAL\Tríceps Francês com Faixa Elástica Acima da Cabeça.gif
948,Tríceps,Extensão De Tríceps Na Máquina Pegada,media\exercicios\GIFS MOBILIDADE ALONGAMENTO LIBERAÇÃO\Alongamento de tríceps em pé.gif;media\exercicios\GIFS TREINAMENTO FUNCIONAL\Extensão de tríceps com elástico na posição horizontal.gif;media\exercicios\GIFS TREINAMENTO FUNCIONAL\Extensão de Tríceps com Faixa Elástica.gif;media\exercicios\GIFS TREINAMENTO FUNCIONAL\Extensão de Tríceps com Faixas Elásticas.gif;media\exercicios\GIFS TREINAMENTO FUNCIONAL\Tríceps Francês com Faixa Elástica Acima da Cabeça.gif
949,Tríceps Francês,Tríceps Francês No Banco Inclinado,media\exercicios\GIFS TREINAMENTO FUNCIONAL\Tríceps Francês com Faixa Elástica Acima da Cabeça.gif;media\exercicios\GIFS TREINAMENTO FUNCIONAL\Tríceps Francês em Pé com Gymstick.gif;media\exercicios\GIFS ACADEMIA\TRÍCEPS\Tríceps Francês Alternada com Halteres no Banco Inclinado.gif;media\exercicios\GIFS ACADEMIA\TRÍCEPS\Tríceps francês com barra W acima da cabeça sentado.gif;media\exercicios\GIFS ACADEMIA\TRÍCEPS\Tríceps Francês com Halter Bilateral.gif
950,Tríceps,Extensão De Tríceps No Cabo,media\exercicios\GIFS MOBILIDADE ALONGAMENTO LIBERAÇÃO\Alongamento de tríceps em pé.gif;media\exercicios\GIFS TREINAMENTO FUNCIONAL\Extensão de tríceps com elástico na posição horizontal.gif;media\exercicios\GIFS TREINAMENTO FUNCIONAL\Extensão de Tríceps com Faixa Elástica.gif;media\exercicios\GIFS TREINAMENTO FUNCIONAL\Extensão de Tríceps com Faixas Elásticas.gif;media\exercicios\GIFS TREINAMENTO FUNCIONAL\Tríceps Francês com Faixa Elástica Acima da Cabeça.gif
953,Elevação Lateral,Elevação Lateral Unilateral,media\exercicios\GIFS ABDOMINAIS\Elevação Lateral Alternada com Halteres.gif;media\exercicios\GIFS ABDOMINAIS\Elevação lateral de joelhos na Barra Fixa.gif;media\exercicios\GIFS MOBILIDADE ALONGAMENTO LIBERAÇÃO\Elevação lateral de deltóide posterior com halteres.gif;media\exercicios\GIFS ACADEMIA\OMBROS\Elevação lateral alternada com halteres.gif;media\exercicios\GIFS ACADEMIA\OMBROS\Elevação lateral com barra no chão.gif
954,Remada,Remada De Deltoide Posterior Sentado,media\exercicios\GIFS CALISTENIA\Remada com o Peso do Corpo na Porta.gif;media\exercicios\GIFS CROSSFIT\Remada com barra curvada para trás.gif;media\exercicios\GIFS TREINAMENTO FUNCIONAL\Remada com banda de resistência curvada para deltoides posterior.gif;media\exercicios\GIFS TREINAMENTO FUNCIONAL\Remada sentada com faixa.gif;media\exercicios\GIFS TREINAMENTO FUNCIONAL\Remada unilateral com gymstick.gif
955,Elevação Lateral,Elevação Lateral Com Braço,media\exercicios\GIFS ABDOMINAIS\Elevação Lateral Alternada com Halteres.gif;media\exercicios\GIFS ABDOMINAIS\Elevação lateral de joelhos na Barra Fixa.gif;media\exercicios\GIFS MOBILIDADE ALONGAMENTO LIBERAÇÃO\Elevação lateral de deltóide posterior com halteres.gif;media\exercicios\GIFS ACADEMIA\OMBROS\Elevação lateral alternada com halteres.gif;media\exercicios\GIFS ACADEMIA\OMBROS\Elevação lateral com barra no chão.gif
956,Desenvolvimento,Desenvolvimento De Ombros Com Barra W Com Pegada,media\exercicios\GIFS CROSSFIT\Desenvolvimento Arnold com kettlebell.gif;media\exercicios\GIFS CROSSFIT\Desenvolvimento de ombro com kettlebell.gif;media\exercicios\GIFS CROSSFIT\Desenvolvimentos com kettlebell unilateral de joelhos.gif;media\exercicios\GIFS TREINAMENTO FUNCIONAL\Desenvolvimento de ombro unilateral com banda.gif;media\exercicios\GIFS TREINAMENTO FUNCIONAL\Desenvolvimento lateral com gymstick.gif
958,Desenvolvimento,Desenvolvimento Cubano Sentado,media\exercicios\GIFS CROSSFIT\Desenvolvimento Arnold com kettlebell.gif;media\exercicios\GIFS CROSSFIT\Desenvolvimento de ombro com kettlebell.gif;media\exercicios\GIFS CROSSFIT\Desenvolvimentos com kettlebell unilateral de joelhos.gif;media\exercicios\GIFS TREINAMENTO FUNCIONAL\Desenvolvimento de ombro unilateral com banda.gif;media\exercicios\GIFS TREINAMENTO FUNCIONAL\Desenvolvimento lateral com gymstick.gif
960,Remada,Remada Inversa Com Cabos,media\exercicios\GIFS CALISTENIA\Remada com o Peso do Corpo na Porta.gif;media\exercicios\GIFS CROSSFIT\Remada com barra curvada para trás.gif;media\exercicios\GIFS TREINAMENTO FUNCIONAL\Remada com banda de resistência curvada para deltoides posterior.gif;media\exercicios\GIFS TREINAMENTO FUNCIONAL\Remada sentada com faixa.gif;media\exercicios\GIFS TREINAMENTO FUNCIONAL\Remada unilateral com gymstick.gif
962,Elevação Lateral,Elevação Lateral De Halteres,media\exercicios\GIFS ABDOMINAIS\Elevação Lateral Alternada com Halteres.gif;media\exercicios\GIFS ABDOMINAIS\Elevação lateral de joelhos na Barra Fixa.gif;media\exercicios\GIFS MOBILIDADE ALONGAMENTO LIBERAÇÃO\Elevação lateral de deltóide posterior com halteres.gif;media\exercicios\GIFS ACADEMIA\OMBROS\Elevação lateral alternada com halteres.gif;media\exercicios\GIFS ACADEMIA\OMBROS\Elevação lateral com barra no chão.gif
963,Elevação Lateral,Elevação Lateral Alternada,media\exercicios\GIFS ABDOMINAIS\Elevação Lateral Alternada com Halteres.gif;media\exercicios\GIFS ABDOMINAIS\Elevação lateral de joelhos na Barra Fixa.gif;media\exercicios\GIFS MOBILIDADE ALONGAMENTO LIBERAÇÃO\Elevação lateral de deltóide posterior com halteres.gif;media\exercicios\GIFS ACADEMIA\OMBROS\Elevação lateral alternada com halteres.gif;media\exercicios\GIFS ACADEMIA\OMBROS\Elevação lateral com barra no chão.gif
965,Elevação Lateral,Elevação Lateral Cruzada,media\exercicios\GIFS ABDOMINAIS\Elevação Lateral Alternada com Halteres.gif;media\exercicios\GIFS ABDOMINAIS\Elevação lateral de joelhos na Barra Fixa.gif;media\exercicios\GIFS MOBILIDADE ALONGAMENTO LIBERAÇÃO\Elevação lateral de deltóide posterior com halteres.gif;media\exercicios\GIFS ACADEMIA\OMBROS\Elevação lateral alternada com halteres.gif;media\exercicios\GIFS ACADEMIA\OMBROS\Elevação lateral com barra no chão.gif
966,Remada,Remada Lateral Com Halteres,media\exercicios\GIFS CALISTENIA\Remada com o Peso do Corpo na Porta.gif;media\exercicios\GIFS CROSSFIT\Remada com barra curvada para trás.gif;media\exercicios\GIFS TREINAMENTO FUNCIONAL\Remada com banda de resistência curvada para deltoides posterior.gif;media\exercicios\GIFS TREINAMENTO FUNCIONAL\Remada sentada com faixa.gif;media\exercicios\GIFS TREINAMENTO FUNCIONAL\Remada unilateral com gymstick.gif
967,Desenvolvimento,Desenvolvimento Militar Com Pegada,media\exercicios\GIFS CROSSFIT\Desenvolvimento Arnold com kettlebell.gif;media\exercicios\GIFS CROSSFIT\Desenvolvimento de ombro com kettlebell.gif;media\exercicios\GIFS CROSSFIT\Desenvolvimentos com kettlebell unilateral de joelhos.gif;media\exercicios\GIFS TREINAMENTO FUNCIONAL\Desenvolvimento de ombro unilateral com banda.gif;media\exercicios\GIFS TREINAMENTO FUNCIONAL\Desenvolvimento lateral com gymstick.gif
970,Desenvolvimento,Desenvolvimento Militar Com Barra No Chão,media\exercicios\GIFS CROSSFIT\Desenvolvimento Arnold com kettlebell.gif;media\exercicios\GIFS CROSSFIT\Desenvolvimento de ombro com kettlebell.gif;media\exercicios\GIFS CROSSFIT\Desenvolvimentos com kettlebell unilateral de joelhos.gif;media\exercicios\GIFS TREINAMENTO FUNCIONAL\Desenvolvimento de ombro unilateral com banda.gif;media\exercicios\GIFS TREINAMENTO FUNCIONAL\Desenvolvimento lateral com gymstick.gif
971,Elevação Lateral,Elevação Lateral E Frontal,media\exercicios\GIFS ABDOMINAIS\Elevação Lateral Alternada com Halteres.gif;media\exercicios\GIFS ABDOMINAIS\Elevação lateral de joelhos na Barra Fixa.gif;media\exercicios\GIFS MOBILIDADE ALONGAMENTO LIBERAÇÃO\Elevação lateral de deltóide posterior com halteres.gif;media\exercicios\GIFS ACADEMIA\OMBROS\Elevação lateral alternada com halteres.gif;media\exercicios\GIFS ACADEMIA\OMBROS\Elevação lateral com barra no chão.gif
973,Elevação Lateral,Elevação Lateral Unilateral Com Haltere,media\exercicios\GIFS ABDOMINAIS\Elevação Lateral Alternada com Halteres.gif;media\exercicios\GIFS ABDOMINAIS\Elevação lateral de joelhos na Barra Fixa.gif;media\exercicios\GIFS MOBILIDADE ALONGAMENTO LIBERAÇÃO\Elevação lateral de deltóide posterior com halteres.gif;media\exercicios\GIFS ACADEMIA\OMBROS\Elevação lateral alternada com halteres.gif;media\exercicios\GIFS ACADEMIA\OMBROS\Elevação lateral com barra no chão.gif
974,Elevação Lateral,Elevação Lateral De Braços,media\exercicios\GIFS ABDOMINAIS\Elevação Lateral Alternada com Halteres.gif;media\exercicios\GIFS ABDOMINAIS\Elevação lateral de joelhos na Barra Fixa.gif;media\exercicios\GIFS MOBILIDADE ALONGAMENTO LIBERAÇÃO\Elevação lateral de deltóide posterior com halteres.gif;media\exercicios\GIFS ACADEMIA\OMBROS\Elevação lateral alternada com halteres.gif;media\exercicios\GIFS ACADEMIA\OMBROS\Elevação lateral com barra no chão.gif
978,Outros,Elevação Frontal Com Barra,media\exercicios\GIFS ACADEMIA\OMBROS\Elevação frontal com barra girando.gif;media\exercicios\GIFS ACADEMIA\OMBROS\Elevação frontal com barra w inclinada.gif
984,Outros,Elevação Frontal Com Barra W,media\exercicios\GIFS ACADEMIA\OMBROS\Elevação frontal com barra w inclinada.gif
988,Outros,Elevação Frontal,media\exercicios\GIFS ACADEMIA\OMBROS\Elevação Frontal Alternada Com Halteres.gif;media\exercicios\GIFS ACADEMIA\OMBROS\Elevação frontal com barra girando.gif;media\exercicios\GIFS ACADEMIA\OMBROS\Elevação frontal com barra w inclinada.gif;media\exercicios\GIFS ACADEMIA\OMBROS\elevação frontal com cabo duplo no cross.gif;media\exercicios\GIFS ACADEMIA\OMBROS\Elevação frontal com dois braços com halteres.gif
991,Elevação Lateral,Elevação Lateral,media\exercicios\GIFS ABDOMINAIS\Elevação Lateral Alternada com Halteres.gif;media\exercicios\GIFS ABDOMINAIS\Elevação lateral de joelhos na Barra Fixa.gif;media\exercicios\GIFS MOBILIDADE ALONGAMENTO LIBERAÇÃO\Elevação lateral de deltóide posterior com halteres.gif;media\exercicios\GIFS ACADEMIA\OMBROS\Elevação lateral alternada com halteres.gif;media\exercicios\GIFS ACADEMIA\OMBROS\Elevação lateral com barra no chão.gif
993,Desenvolvimento,Desenvolvimento De Ombro Com Barra,media\exercicios\GIFS CROSSFIT\Desenvolvimento Arnold com kettlebell.gif;media\exercicios\GIFS CROSSFIT\Desenvolvimento de ombro com kettlebell.gif;media\exercicios\GIFS CROSSFIT\Desenvolvimentos com kettlebell unilateral de joelhos.gif;media\exercicios\GIFS TREINAMENTO FUNCIONAL\Desenvolvimento de ombro unilateral com banda.gif;media\exercicios\GIFS TREINAMENTO FUNCIONAL\Desenvolvimento lateral com gymstick.gif
994,Remada,Remada Com Halteres Para A Posterior,media\exercicios\GIFS CALISTENIA\Remada com o Peso do Corpo na Porta.gif;media\exercicios\GIFS CROSSFIT\Remada com barra curvada para trás.gif;media\exercicios\GIFS TREINAMENTO FUNCIONAL\Remada com banda de resistência curvada para deltoides posterior.gif;media\exercicios\GIFS TREINAMENTO FUNCIONAL\Remada sentada com faixa.gif;media\exercicios\GIFS TREINAMENTO FUNCIONAL\Remada unilateral com gymstick.gif
995,Desenvolvimento,Desenvolvimento De Ombro,media\exercicios\GIFS CROSSFIT\Desenvolvimento Arnold com kettlebell.gif;media\exercicios\GIFS CROSSFIT\Desenvolvimento de ombro com kettlebell.gif;media\exercicios\GIFS CROSSFIT\Desenvolvimentos com kettlebell unilateral de joelhos.gif;media\exercicios\GIFS TREINAMENTO FUNCIONAL\Desenvolvimento de ombro unilateral com banda.gif;media\exercicios\GIFS TREINAMENTO FUNCIONAL\Desenvolvimento lateral com gymstick.gif
996,Desenvolvimento,Desenvolvimento De Ombros Com Rotação Alternada,media\exercicios\GIFS CROSSFIT\Desenvolvimento Arnold com kettlebell.gif;media\exercicios\GIFS CROSSFIT\Desenvolvimento de ombro com kettlebell.gif;media\exercicios\GIFS CROSSFIT\Desenvolvimentos com kettlebell unilateral de joelhos.gif;media\exercicios\GIFS TREINAMENTO FUNCIONAL\Desenvolvimento de ombro unilateral com banda.gif;media\exercicios\GIFS TREINAMENTO FUNCIONAL\Desenvolvimento lateral com gymstick.gif
997,Outros,Elevação Frontal Alternada,media\exercicios\GIFS ACADEMIA\OMBROS\Elevação Frontal Alternada Com Halteres.gif
998,Outros,Voador,media\exercicios\GIFS ACADEMIA\OMBROS\Voador invertido.gif;media\exercicios\GIFS ACADEMIA\OMBROS\Voador para deltoides posterior com cabo.gif
999,Desenvolvimento,Desenvolvimento De Ombro Alternada Em Pé,media\exercicios\GIFS CROSSFIT\Desenvolvimento Arnold com kettlebell.gif;media\exercicios\GIFS CROSSFIT\Desenvolvimento de ombro com kettlebell.gif;media\exercicios\GIFS CROSSFIT\Desenvolvimentos com kettlebell unilateral de joelhos.gif;media\exercicios\GIFS TREINAMENTO FUNCIONAL\Desenvolvimento de ombro unilateral com banda.gif;media\exercicios\GIFS TREINAMENTO FUNCIONAL\Desenvolvimento lateral com gymstick.gif
1001,Elevação Lateral,Elevação Lateral Com Tronco,media\exercicios\GIFS ABDOMINAIS\Elevação Lateral Alternada com Halteres.gif;media\exercicios\GIFS ABDOMINAIS\Elevação lateral de joelhos na Barra Fixa.gif;media\exercicios\GIFS MOBILIDADE ALONGAMENTO LIBERAÇÃO\Elevação lateral de deltóide posterior com halteres.gif;media\exercicios\GIFS ACADEMIA\OMBROS\Elevação lateral alternada com halteres.gif;media\exercicios\GIFS ACADEMIA\OMBROS\Elevação lateral com barra no chão.gif
1002,Desenvolvimento,Desenvolvimento Cubano,media\exercicios\GIFS CROSSFIT\Desenvolvimento Arnold com kettlebell.gif;media\exercicios\GIFS CROSSFIT\Desenvolvimento de ombro com kettlebell.gif;media\exercicios\GIFS CROSSFIT\Desenvolvimentos com kettlebell unilateral de joelhos.gif;media\exercicios\GIFS TREINAMENTO FUNCIONAL\Desenvolvimento de ombro unilateral com banda.gif;media\exercicios\GIFS TREINAMENTO FUNCIONAL\Desenvolvimento lateral com gymstick.gif
1003,Elevação Lateral,Elevação Lateral Com Halteres Para Deltoides Posteriores,media\exercicios\GIFS ABDOMINAIS\Elevação Lateral Alternada com Halteres.gif;media\exercicios\GIFS ABDOMINAIS\Elevação lateral de joelhos na Barra Fixa.gif;media\exercicios\GIFS MOBILIDADE ALONGAMENTO LIBERAÇÃO\Elevação lateral de deltóide posterior com halteres.gif;media\exercicios\GIFS ACADEMIA\OMBROS\Elevação lateral alternada com halteres.gif;media\exercicios\GIFS ACADEMIA\OMBROS\Elevação lateral com barra no chão.gif
1004,Outros,Elevação Frontal Com Dois Braços,media\exercicios\GIFS ACADEMIA\OMBROS\Elevação frontal com dois braços com halteres.gif
1006,Desenvolvimento,Desenvolvimento De Ombro Unilateral,media\exercicios\GIFS CROSSFIT\Desenvolvimento Arnold com kettlebell.gif;media\exercicios\GIFS CROSSFIT\Desenvolvimento de ombro com kettlebell.gif;media\exercicios\GIFS CROSSFIT\Desenvolvimentos com kettlebell unilateral de joelhos.gif;media\exercicios\GIFS TREINAMENTO FUNCIONAL\Desenvolvimento de ombro unilateral com banda.gif;media\exercicios\GIFS TREINAMENTO FUNCIONAL\Desenvolvimento lateral com gymstick.gif
1007,Elevação Lateral,Elevação Lateral Com Halteres,media\exercicios\GIFS ABDOMINAIS\Elevação Lateral Alternada com Halteres.gif;media\exercicios\GIFS ABDOMINAIS\Elevação lateral de joelhos na Barra Fixa.gif;media\exercicios\GIFS MOBILIDADE ALONGAMENTO LIBERAÇÃO\Elevação lateral de deltóide posterior com halteres.gif;media\exercicios\GIFS ACADEMIA\OMBROS\Elevação lateral alternada com halteres.gif;media\exercicios\GIFS ACADEMIA\OMBROS\Elevação lateral com barra no chão.gif
1009,Desenvolvimento,Desenvolvimento Militar De Uma Mão,media\exercicios\GIFS CROSSFIT\Desenvolvimento Arnold com kettlebell.gif;media\exercicios\GIFS CROSSFIT\Desenvolvimento de ombro com kettlebell.gif;media\exercicios\GIFS CROSSFIT\Desenvolvimentos com kettlebell unilateral de joelhos.gif;media\exercicios\GIFS TREINAMENTO FUNCIONAL\Desenvolvimento de ombro unilateral com banda.gif;media\exercicios\GIFS TREINAMENTO FUNCIONAL\Desenvolvimento lateral com gymstick.gif
1010,Outros,Levantamento De Halteres De 3,media\exercicios\GIFS ACADEMIA\OMBROS\Levantamento de halteres de 3 maneiras.gif
1011,Desenvolvimento,Desenvolvimento De Ombros Atrás Do Pescoço,media\exercicios\GIFS CROSSFIT\Desenvolvimento Arnold com kettlebell.gif;media\exercicios\GIFS CROSSFIT\Desenvolvimento de ombro com kettlebell.gif;media\exercicios\GIFS CROSSFIT\Desenvolvimentos com kettlebell unilateral de joelhos.gif;media\exercicios\GIFS TREINAMENTO FUNCIONAL\Desenvolvimento de ombro unilateral com banda.gif;media\exercicios\GIFS TREINAMENTO FUNCIONAL\Desenvolvimento lateral com gymstick.gif
1015,Outros,Máquina Simulador,media\exercicios\GIFS ACADEMIA\CARDIO ACADEMIA\Máquina Simulador Escada.gif
1018,Outros,Bicicleta Ergométrica,media\exercicios\GIFS ACADEMIA\CARDIO ACADEMIA\Bicicleta Ergométrica Reclinada.gif;media\exercicios\GIFS ACADEMIA\CARDIO ACADEMIA\Corrida na Bicicleta Ergométrica.gif
1024,Outros,Elevação,media\exercicios\GIFS ABDOMINAIS\Abdominal com Elevação de Pernas.gif;media\exercicios\GIFS ABDOMINAIS\Elevação Alternada de Pernas deitado no Chão.gif;media\exercicios\GIFS ABDOMINAIS\Elevação Alternada de Pernas.gif;media\exercicios\GIFS ABDOMINAIS\Elevação de Joelhos com Puxada de Pernas.gif;media\exercicios\GIFS ABDOMINAIS\Elevação de Joelhos na Barra Fixa.gif
1030,Panturrilha,Levantamento De Panturrilha Com Apoio E,media\exercicios\GIFS MOBILIDADE ALONGAMENTO LIBERAÇÃO\Alongamento da panturrilha agachado.gif;media\exercicios\GIFS MOBILIDADE ALONGAMENTO LIBERAÇÃO\Alongamento da panturrilha com descida do calcanhar.gif;media\exercicios\GIFS MOBILIDADE ALONGAMENTO LIBERAÇÃO\Alongamento de Panturrilha com Corda.gif;media\exercicios\GIFS MOBILIDADE ALONGAMENTO LIBERAÇÃO\Alongamento de panturrilha com uma perna.gif;media\exercicios\GIFS MOBILIDADE ALONGAMENTO LIBERAÇÃO\Alongamento de panturrilha em passo largo.gif
1293,Outros,Flexão De Diamante,media\exercicios\GIFS CALISTENIA\Flexão de diamante de joelhos.gif
1039,Agachamento,Agachamento Com Sustentação E Elevação,media\exercicios\GIFS CALISTENIA\Agachamento Pistol com TRX.gif;media\exercicios\GIFS CALISTENIA\Agachamento Pistola Apoiado.gif;media\exercicios\GIFS CALISTENIA\Agachamento Pistola com Kettlebell.gif;media\exercicios\GIFS CALISTENIA\Agachamento Pistola na Caixa.gif;media\exercicios\GIFS CALISTENIA\Agachamento Sissy ajoelhado com Peso Corporal.gif
1040,Panturrilha,Levantamento De Panturrilha,media\exercicios\GIFS MOBILIDADE ALONGAMENTO LIBERAÇÃO\Alongamento da panturrilha agachado.gif;media\exercicios\GIFS MOBILIDADE ALONGAMENTO LIBERAÇÃO\Alongamento da panturrilha com descida do calcanhar.gif;media\exercicios\GIFS MOBILIDADE ALONGAMENTO LIBERAÇÃO\Alongamento de Panturrilha com Corda.gif;media\exercicios\GIFS MOBILIDADE ALONGAMENTO LIBERAÇÃO\Alongamento de panturrilha com uma perna.gif;media\exercicios\GIFS MOBILIDADE ALONGAMENTO LIBERAÇÃO\Alongamento de panturrilha em passo largo.gif
1041,Rosca,Rosca Concentrada Com Pegada Fechada,media\exercicios\GIFS CROSSFIT\Elevação de Perna Única com Equilíbrio e Rosca de Bíceps.gif;media\exercicios\GIFS TREINAMENTO FUNCIONAL\Rosca bíceps com faixa elástica.gif;media\exercicios\GIFS TREINAMENTO FUNCIONAL\Rosca de bíceps unilateral com faixa de resistência.gif;media\exercicios\GIFS TREINAMENTO FUNCIONAL\Rosca martelo com faixa de resistência.gif;media\exercicios\GIFS TREINAMENTO FUNCIONAL\Rosca martelo com garrafa de água.gif
1043,Rosca,Máquina De Rosca,media\exercicios\GIFS CROSSFIT\Elevação de Perna Única com Equilíbrio e Rosca de Bíceps.gif;media\exercicios\GIFS TREINAMENTO FUNCIONAL\Rosca bíceps com faixa elástica.gif;media\exercicios\GIFS TREINAMENTO FUNCIONAL\Rosca de bíceps unilateral com faixa de resistência.gif;media\exercicios\GIFS TREINAMENTO FUNCIONAL\Rosca martelo com faixa de resistência.gif;media\exercicios\GIFS TREINAMENTO FUNCIONAL\Rosca martelo com garrafa de água.gif
1045,Rosca,Rosca Inversa,media\exercicios\GIFS CROSSFIT\Elevação de Perna Única com Equilíbrio e Rosca de Bíceps.gif;media\exercicios\GIFS TREINAMENTO FUNCIONAL\Rosca bíceps com faixa elástica.gif;media\exercicios\GIFS TREINAMENTO FUNCIONAL\Rosca de bíceps unilateral com faixa de resistência.gif;media\exercicios\GIFS TREINAMENTO FUNCIONAL\Rosca martelo com faixa de resistência.gif;media\exercicios\GIFS TREINAMENTO FUNCIONAL\Rosca martelo com garrafa de água.gif
1048,Rosca,Rosca Direta Com Cabo,media\exercicios\GIFS CROSSFIT\Elevação de Perna Única com Equilíbrio e Rosca de Bíceps.gif;media\exercicios\GIFS TREINAMENTO FUNCIONAL\Rosca bíceps com faixa elástica.gif;media\exercicios\GIFS TREINAMENTO FUNCIONAL\Rosca de bíceps unilateral com faixa de resistência.gif;media\exercicios\GIFS TREINAMENTO FUNCIONAL\Rosca martelo com faixa de resistência.gif;media\exercicios\GIFS TREINAMENTO FUNCIONAL\Rosca martelo com garrafa de água.gif
1053,Rosca,Rosca Bíceps Alta,media\exercicios\GIFS CROSSFIT\Elevação de Perna Única com Equilíbrio e Rosca de Bíceps.gif;media\exercicios\GIFS TREINAMENTO FUNCIONAL\Rosca bíceps com faixa elástica.gif;media\exercicios\GIFS TREINAMENTO FUNCIONAL\Rosca de bíceps unilateral com faixa de resistência.gif;media\exercicios\GIFS TREINAMENTO FUNCIONAL\Rosca martelo com faixa de resistência.gif;media\exercicios\GIFS TREINAMENTO FUNCIONAL\Rosca martelo com garrafa de água.gif
1056,Outros,Extensão De Quadril Em Pé,media\exercicios\GIFS ACADEMIA\GLÚTEOS\Extensão de Quadril em Pé com Alavanca.gif
1058,Outros,Quatro,media\exercicios\GIFS ABDOMINAIS\Exercício de vácuo abdominal em quatro apoios.gif;media\exercicios\GIFS MOBILIDADE ALONGAMENTO LIBERAÇÃO\Alongamento de Quadríceps em Quatro Apoios.gif;media\exercicios\GIFS ACADEMIA\GLÚTEOS\Quatro Apoios.gif
1060,Outros,Ponte,media\exercicios\GIFS ACADEMIA\GLÚTEOS\Abdução de Quadril com Ponte.gif;media\exercicios\GIFS ACADEMIA\GLÚTEOS\Ponte com Halteres.gif;media\exercicios\GIFS ACADEMIA\PERNAS\Ponte de Glúteos com Barra.gif
1061,Glúteo,Glúteo Coice Na Máquina De Extensão,media\exercicios\GIFS MOBILIDADE ALONGAMENTO LIBERAÇÃO\Alongamento de Glúteos Deitado.gif;media\exercicios\GIFS MOBILIDADE ALONGAMENTO LIBERAÇÃO\Rolo de Espuma para os Glúteos.gif;media\exercicios\GIFS TREINAMENTO FUNCIONAL\Chutes Alternados de Glúteos no Banco.gif;media\exercicios\GIFS ACADEMIA\GLÚTEOS\Glúteo Coice Na Alavanca.gif;media\exercicios\GIFS ACADEMIA\GLÚTEOS\Glúteo Coice Na Máquina De Extensão De Pernas.gif
1062,Outros,Extensão De Perna Na Máquina Smith,media\exercicios\GIFS ACADEMIA\GLÚTEOS\Extensão de Perna na Máquina Smith Reversa.gif
1063,Outros,Elevação Pélvica Na Máquina De Extensão,media\exercicios\GIFS ACADEMIA\GLÚTEOS\Elevação Pélvica na Máquina de Extensão de Pernas.gif
1064,Agachamento,Agachamento Na Máquina,media\exercicios\GIFS CALISTENIA\Agachamento Pistol com TRX.gif;media\exercicios\GIFS CALISTENIA\Agachamento Pistola Apoiado.gif;media\exercicios\GIFS CALISTENIA\Agachamento Pistola com Kettlebell.gif;media\exercicios\GIFS CALISTENIA\Agachamento Pistola na Caixa.gif;media\exercicios\GIFS CALISTENIA\Agachamento Sissy ajoelhado com Peso Corporal.gif
1066,Outros,Abdução Lateral Do Quadril,media\exercicios\GIFS ACADEMIA\GLÚTEOS\Abdução Lateral do Quadril com Alavanca.gif
1067,Puxada,Puxada De Cabo,media\exercicios\GIFS ABDOMINAIS\Elevação de Joelhos com Puxada de Pernas.gif;media\exercicios\GIFS ABDOMINAIS\Puxada de Pernas Sentado em Banco.gif;media\exercicios\GIFS CALISTENIA\Puxada escapular na barra fixa.gif;media\exercicios\GIFS CALISTENIA\Puxada Front Lever.gif;media\exercicios\GIFS CALISTENIA\Puxada isométrica.gif
1069,Glúteo,Glúteo Coice,media\exercicios\GIFS MOBILIDADE ALONGAMENTO LIBERAÇÃO\Alongamento de Glúteos Deitado.gif;media\exercicios\GIFS MOBILIDADE ALONGAMENTO LIBERAÇÃO\Rolo de Espuma para os Glúteos.gif;media\exercicios\GIFS TREINAMENTO FUNCIONAL\Chutes Alternados de Glúteos no Banco.gif;media\exercicios\GIFS ACADEMIA\GLÚTEOS\Glúteo Coice Na Alavanca.gif;media\exercicios\GIFS ACADEMIA\GLÚTEOS\Glúteo Coice Na Máquina De Extensão De Pernas.gif
1071,Outros,Crunch En Banco,media\exercicios\GIFS ABDOMINAIS\Crunch en banco declinado.gif
1072,Outros,V-Up Com Bola,media\exercicios\GIFS ABDOMINAIS\V-Up com Bola de Estabilidade.gif;media\exercicios\GIFS TREINAMENTO FUNCIONAL\V-Up com Bola de Estabilidade.gif
1077,Outros,Torção Com Tronco,media\exercicios\GIFS ABDOMINAIS\Torção com Tronco Inclinado.gif
1079,Outros,Torção Com Cabo,media\exercicios\GIFS ABDOMINAIS\Torção com Cabo Sentado.gif
1080,Outros,Toques Nos Dedos Com O Corpo,media\exercicios\GIFS ABDOMINAIS\Toques nos Dedos com o Corpo deitado.gif
1083,Outros,Tesoura,media\exercicios\GIFS ABDOMINAIS\Tesoura de Pernas.gif;media\exercicios\GIFS ABDOMINAIS\Tesoura deitada.gif;media\exercicios\GIFS TREINAMENTO FUNCIONAL\Tesoura de Braços.gif
1084,Outros,Toque,media\exercicios\GIFS ABDOMINAIS\Toque de Calcanhar.gif;media\exercicios\GIFS ABDOMINAIS\Toque nos Dedos dos Pés com Giro de Caranguejo.gif;media\exercicios\GIFS ABDOMINAIS\Toques nos Dedos com o Corpo deitado.gif;media\exercicios\GIFS CALISTENIA\Flexão com Toque no Peito.gif;media\exercicios\GIFS CALISTENIA\Flexão de Braços com Toque no Ombro.gif
1087,Prancha,Prancha Joelho Ao,media\exercicios\GIFS ABDOMINAIS\Chutes no Prancha Invertida.gif;media\exercicios\GIFS ABDOMINAIS\Elevação de Perna na Prancha Lateral.gif;media\exercicios\GIFS ABDOMINAIS\Elevação de Perna na Prancha.gif;media\exercicios\GIFS ABDOMINAIS\Prancha com Abertura de Pernas - Perna Estendida.gif;media\exercicios\GIFS ABDOMINAIS\Prancha com Elevação de Braço e Perna.gif
1088,Prancha,Prancha Com Movimento,media\exercicios\GIFS ABDOMINAIS\Chutes no Prancha Invertida.gif;media\exercicios\GIFS ABDOMINAIS\Elevação de Perna na Prancha Lateral.gif;media\exercicios\GIFS ABDOMINAIS\Elevação de Perna na Prancha.gif;media\exercicios\GIFS ABDOMINAIS\Prancha com Abertura de Pernas - Perna Estendida.gif;media\exercicios\GIFS ABDOMINAIS\Prancha com Elevação de Braço e Perna.gif
1090,Outros,Torção Com Barra,media\exercicios\GIFS ABDOMINAIS\Torção com Barra Sentado.gif
1094,Prancha,Prancha De Frente Para A Prancha,media\exercicios\GIFS ABDOMINAIS\Chutes no Prancha Invertida.gif;media\exercicios\GIFS ABDOMINAIS\Elevação de Perna na Prancha Lateral.gif;media\exercicios\GIFS ABDOMINAIS\Elevação de Perna na Prancha.gif;media\exercicios\GIFS ABDOMINAIS\Prancha com Abertura de Pernas - Perna Estendida.gif;media\exercicios\GIFS ABDOMINAIS\Prancha com Elevação de Braço e Perna.gif
1095,Outros,Máquina De Torção,media\exercicios\GIFS ABDOMINAIS\Máquina de Torção Sentada.gif
1162,Abdominal,Abdominal Com Elevação,media\exercicios\GIFS ABDOMINAIS\Abdominal Bicicleta com Gymstick.gif;media\exercicios\GIFS ABDOMINAIS\Abdominal Bicicleta.gif;media\exercicios\GIFS ABDOMINAIS\Abdominal com Bola Medicinal.gif;media\exercicios\GIFS ABDOMINAIS\Abdominal com Braços Estendidos.gif;media\exercicios\GIFS ABDOMINAIS\Abdominal com Elevação de Pernas.gif
1098,Prancha,Prancha Com Abertura De Pernas - Perna,media\exercicios\GIFS ABDOMINAIS\Chutes no Prancha Invertida.gif;media\exercicios\GIFS ABDOMINAIS\Elevação de Perna na Prancha Lateral.gif;media\exercicios\GIFS ABDOMINAIS\Elevação de Perna na Prancha.gif;media\exercicios\GIFS ABDOMINAIS\Prancha com Abertura de Pernas - Perna Estendida.gif;media\exercicios\GIFS ABDOMINAIS\Prancha com Elevação de Braço e Perna.gif
1099,Outros,Toque Nos Dedos Dos Pés Com Giro,media\exercicios\GIFS ABDOMINAIS\Toque nos Dedos dos Pés com Giro de Caranguejo.gif
1100,Outros,Meio,media\exercicios\GIFS ABDOMINAIS\Meio Abdominal.gif;media\exercicios\GIFS ABDOMINAIS\Meio Giro.gif;media\exercicios\GIFS MOBILIDADE ALONGAMENTO LIBERAÇÃO\Postura de meio sapo.gif;media\exercicios\GIFS ACADEMIA\TRAPÉZIO\Meio Agachado com Puxada para o Rosto no Cabo.gif
1102,Prancha,Prancha Lateral Com Flexão,media\exercicios\GIFS ABDOMINAIS\Chutes no Prancha Invertida.gif;media\exercicios\GIFS ABDOMINAIS\Elevação de Perna na Prancha Lateral.gif;media\exercicios\GIFS ABDOMINAIS\Elevação de Perna na Prancha.gif;media\exercicios\GIFS ABDOMINAIS\Prancha com Abertura de Pernas - Perna Estendida.gif;media\exercicios\GIFS ABDOMINAIS\Prancha com Elevação de Braço e Perna.gif
1106,Outros,Extensão Com Roda,media\exercicios\GIFS ABDOMINAIS\Extensão com Roda Abdominal.gif
1107,Outros,Levantamento De Quadril Com Pernas Elevadas Em Banco,media\exercicios\GIFS ABDOMINAIS\Levantamento de quadril com pernas elevadas em banco inclinado.gif
1109,Outros,Posição,media\exercicios\GIFS ABDOMINAIS\Posição de Canoinha.gif;media\exercicios\GIFS ABDOMINAIS\Posição do Barco.gif;media\exercicios\GIFS CROSSFIT\Flexão de braço em posição de parada de mão com balanço.gif;media\exercicios\GIFS MOBILIDADE ALONGAMENTO LIBERAÇÃO\Alongamento com PVC na Posição Frontal de Rack.gif;media\exercicios\GIFS MOBILIDADE ALONGAMENTO LIBERAÇÃO\Alongamento de panturrilha em posição estática.gif
1111,Abdominal,Máquina De Abdominal,media\exercicios\GIFS ABDOMINAIS\Abdominal Bicicleta com Gymstick.gif;media\exercicios\GIFS ABDOMINAIS\Abdominal Bicicleta.gif;media\exercicios\GIFS ABDOMINAIS\Abdominal com Bola Medicinal.gif;media\exercicios\GIFS ABDOMINAIS\Abdominal com Braços Estendidos.gif;media\exercicios\GIFS ABDOMINAIS\Abdominal com Elevação de Pernas.gif
1113,Outros,Inclinação Lateral Em Pé,media\exercicios\GIFS ABDOMINAIS\Inclinação Lateral em Pé com Gymstick.gif;media\exercicios\GIFS ABDOMINAIS\Inclinação Lateral em Pé.gif;media\exercicios\GIFS MOBILIDADE ALONGAMENTO LIBERAÇÃO\Inclinação Lateral em Pé.gif
1116,Outros,Máquina De Abdominais,media\exercicios\GIFS ABDOMINAIS\Máquina de Abdominais Sentado.gif
1117,Abdominal,Máquina Abdominal,media\exercicios\GIFS ABDOMINAIS\Abdominal Bicicleta com Gymstick.gif;media\exercicios\GIFS ABDOMINAIS\Abdominal Bicicleta.gif;media\exercicios\GIFS ABDOMINAIS\Abdominal com Bola Medicinal.gif;media\exercicios\GIFS ABDOMINAIS\Abdominal com Braços Estendidos.gif;media\exercicios\GIFS ABDOMINAIS\Abdominal com Elevação de Pernas.gif
1121,Outros,Inclinação Lateral Com Peso Em Bola,media\exercicios\GIFS ABDOMINAIS\Inclinação Lateral com Peso em Bola de Estabilidade.gif
1122,Abdominal,Exercício De Vácuo Abdominal Em Quatro,media\exercicios\GIFS ABDOMINAIS\Abdominal Bicicleta com Gymstick.gif;media\exercicios\GIFS ABDOMINAIS\Abdominal Bicicleta.gif;media\exercicios\GIFS ABDOMINAIS\Abdominal com Bola Medicinal.gif;media\exercicios\GIFS ABDOMINAIS\Abdominal com Braços Estendidos.gif;media\exercicios\GIFS ABDOMINAIS\Abdominal com Elevação de Pernas.gif
1124,Abdominal,Abdominal Infra No Solo Com Flexão,media\exercicios\GIFS ABDOMINAIS\Abdominal Bicicleta com Gymstick.gif;media\exercicios\GIFS ABDOMINAIS\Abdominal Bicicleta.gif;media\exercicios\GIFS ABDOMINAIS\Abdominal com Bola Medicinal.gif;media\exercicios\GIFS ABDOMINAIS\Abdominal com Braços Estendidos.gif;media\exercicios\GIFS ABDOMINAIS\Abdominal com Elevação de Pernas.gif
1127,Outros,Encolhimento,media\exercicios\GIFS ABDOMINAIS\Encolhimento Abdominal em Pé com Cabo.gif;media\exercicios\GIFS ABDOMINAIS\Encolhimento de Abdominais de Joelhos com Cabo.gif;media\exercicios\GIFS ABDOMINAIS\Encolhimento Reverso.gif;media\exercicios\GIFS ACADEMIA\TRAPÉZIO\Encolhimento Acima da Cabeça.gif;media\exercicios\GIFS ACADEMIA\TRAPÉZIO\Encolhimento com Alavanca.gif
1128,Outros,Flexão De Joelho Com Bola,media\exercicios\GIFS ABDOMINAIS\Flexão de Joelho com Bola de Estabilidade.gif
1129,Puxada,Elevação De Joelhos Com Puxada,media\exercicios\GIFS ABDOMINAIS\Elevação de Joelhos com Puxada de Pernas.gif;media\exercicios\GIFS ABDOMINAIS\Puxada de Pernas Sentado em Banco.gif;media\exercicios\GIFS CALISTENIA\Puxada escapular na barra fixa.gif;media\exercicios\GIFS CALISTENIA\Puxada Front Lever.gif;media\exercicios\GIFS CALISTENIA\Puxada isométrica.gif
1134,Abdominal,Abdominal,media\exercicios\GIFS ABDOMINAIS\Abdominal Bicicleta com Gymstick.gif;media\exercicios\GIFS ABDOMINAIS\Abdominal Bicicleta.gif;media\exercicios\GIFS ABDOMINAIS\Abdominal com Bola Medicinal.gif;media\exercicios\GIFS ABDOMINAIS\Abdominal com Braços Estendidos.gif;media\exercicios\GIFS ABDOMINAIS\Abdominal com Elevação de Pernas.gif
1136,Outros,Elevação Em V,media\exercicios\GIFS ABDOMINAIS\Elevação em V com Halteres.gif
1137,Outros,Giro Com Barra Na Máquina,media\exercicios\GIFS ABDOMINAIS\Giro com Barra na Máquina Landmine.gif
1138,Outros,Escalador Cruzado,media\exercicios\GIFS ABDOMINAIS\Escalador Cruzado de Montanha.gif
1142,Outros,Arremesso Com Torção Russa Da Bola,media\exercicios\GIFS ABDOMINAIS\Arremesso com Torção Russa da Bola com Parceiro.gif
1145,Outros,Exercício,media\exercicios\GIFS ABDOMINAIS\Abdominal de Rã com Bola de Exercícios.gif;media\exercicios\GIFS ABDOMINAIS\Exercício de vácuo abdominal em quatro apoios.gif;media\exercicios\GIFS ABDOMINAIS\Exercício Teaser.gif;media\exercicios\GIFS MOBILIDADE ALONGAMENTO LIBERAÇÃO\Exercício de bailarina sentada.gif;media\exercicios\GIFS MOBILIDADE ALONGAMENTO LIBERAÇÃO\Exercício de retração escapular sentada.gif
1148,Abdominal,Abdominal Lateral No Banco,media\exercicios\GIFS ABDOMINAIS\Abdominal Bicicleta com Gymstick.gif;media\exercicios\GIFS ABDOMINAIS\Abdominal Bicicleta.gif;media\exercicios\GIFS ABDOMINAIS\Abdominal com Bola Medicinal.gif;media\exercicios\GIFS ABDOMINAIS\Abdominal com Braços Estendidos.gif;media\exercicios\GIFS ABDOMINAIS\Abdominal com Elevação de Pernas.gif
1150,Prancha,Chutes No Prancha,media\exercicios\GIFS ABDOMINAIS\Chutes no Prancha Invertida.gif;media\exercicios\GIFS ABDOMINAIS\Elevação de Perna na Prancha Lateral.gif;media\exercicios\GIFS ABDOMINAIS\Elevação de Perna na Prancha.gif;media\exercicios\GIFS ABDOMINAIS\Prancha com Abertura de Pernas - Perna Estendida.gif;media\exercicios\GIFS ABDOMINAIS\Prancha com Elevação de Braço e Perna.gif
1151,Outros,Elevação Alternada,media\exercicios\GIFS ABDOMINAIS\Elevação Alternada de Pernas deitado no Chão.gif;media\exercicios\GIFS ABDOMINAIS\Elevação Alternada de Pernas.gif
1152,Outros,Chutes Alternados,media\exercicios\GIFS ABDOMINAIS\Chutes Alternados Sentados.gif;media\exercicios\GIFS TREINAMENTO FUNCIONAL\Chutes Alternados de Glúteos no Banco.gif
1153,Abdominal,Abdominal Com Rolo,media\exercicios\GIFS ABDOMINAIS\Abdominal Bicicleta com Gymstick.gif;media\exercicios\GIFS ABDOMINAIS\Abdominal Bicicleta.gif;media\exercicios\GIFS ABDOMINAIS\Abdominal com Bola Medicinal.gif;media\exercicios\GIFS ABDOMINAIS\Abdominal com Braços Estendidos.gif;media\exercicios\GIFS ABDOMINAIS\Abdominal com Elevação de Pernas.gif
1155,Outros,Abdução De Quadril No Apoio,media\exercicios\GIFS ABDOMINAIS\Abdução de quadril no apoio lateral.gif
1156,Abdominal,Abdominal Com Giro,media\exercicios\GIFS ABDOMINAIS\Abdominal Bicicleta com Gymstick.gif;media\exercicios\GIFS ABDOMINAIS\Abdominal Bicicleta.gif;media\exercicios\GIFS ABDOMINAIS\Abdominal com Bola Medicinal.gif;media\exercicios\GIFS ABDOMINAIS\Abdominal com Braços Estendidos.gif;media\exercicios\GIFS ABDOMINAIS\Abdominal com Elevação de Pernas.gif
1158,Outros,Elevação De Perna,media\exercicios\GIFS ABDOMINAIS\Abdominal com Elevação de Pernas.gif;media\exercicios\GIFS ABDOMINAIS\Elevação de Perna e Quadril deitado com Faixa Elástica.gif;media\exercicios\GIFS ABDOMINAIS\Elevação de Perna na Prancha Lateral.gif;media\exercicios\GIFS ABDOMINAIS\Elevação de Perna na Prancha.gif;media\exercicios\GIFS ABDOMINAIS\Elevação de Pernas na máquina.gif
1167,Outros,Inclinação,media\exercicios\GIFS ABDOMINAIS\Inclinação Lateral com Barra.gif;media\exercicios\GIFS ABDOMINAIS\Inclinação Lateral com Halteres.gif;media\exercicios\GIFS ABDOMINAIS\Inclinação Lateral com Peso em Bola de Estabilidade.gif;media\exercicios\GIFS ABDOMINAIS\Inclinação Lateral em Pé com Gymstick.gif;media\exercicios\GIFS ABDOMINAIS\Inclinação Lateral em Pé.gif
1168,Outros,Levantamento De Braço Apoiado,media\exercicios\GIFS MOBILIDADE ALONGAMENTO LIBERAÇÃO\Levantamento de braço apoiado na parede.gif
1172,Outros,Postura Da Virilha,media\exercicios\GIFS MOBILIDADE ALONGAMENTO LIBERAÇÃO\Postura da Virilha Sentada.gif
1174,Outros,Postura Da Cobra - Alongamento,media\exercicios\GIFS MOBILIDADE ALONGAMENTO LIBERAÇÃO\Postura da Cobra - Alongamento Abdominal.gif
1175,Outros,Exercício De Bailarina,media\exercicios\GIFS MOBILIDADE ALONGAMENTO LIBERAÇÃO\Exercício de bailarina sentada.gif
1178,Outros,Torção Oblíqua,media\exercicios\GIFS MOBILIDADE ALONGAMENTO LIBERAÇÃO\Torção Oblíqua Sentada.gif
1186,Outros,Rotação Espinhal,media\exercicios\GIFS MOBILIDADE ALONGAMENTO LIBERAÇÃO\Rotação espinhal deitado.gif
1188,Outros,Alongamento Do Peito E Parte Frontal Dos,media\exercicios\GIFS MOBILIDADE ALONGAMENTO LIBERAÇÃO\Alongamento do Peito e Parte Frontal dos Ombros.gif
1189,Outros,Toque Nos Dedos Dos Pés,media\exercicios\GIFS ABDOMINAIS\Toque nos Dedos dos Pés com Giro de Caranguejo.gif;media\exercicios\GIFS MOBILIDADE ALONGAMENTO LIBERAÇÃO\Toque nos Dedos dos Pés em Pé.gif;media\exercicios\GIFS MOBILIDADE ALONGAMENTO LIBERAÇÃO\Toque nos Dedos dos Pés Sentado.gif
1190,Outros,Rotação Para Trás,media\exercicios\GIFS MOBILIDADE ALONGAMENTO LIBERAÇÃO\Rotação para trás de joelhos.gif
1193,Outros,Exercício De Retração Escapular,media\exercicios\GIFS MOBILIDADE ALONGAMENTO LIBERAÇÃO\Exercício de retração escapular sentada.gif
1196,Outros,Rotação Externa Do Ombro Deitado,media\exercicios\GIFS MOBILIDADE ALONGAMENTO LIBERAÇÃO\Rotação externa do ombro deitado com haltere.gif
1199,Outros,Rotação Do Corpo Superior,media\exercicios\GIFS MOBILIDADE ALONGAMENTO LIBERAÇÃO\Rotação do corpo superior deitado.gif
1201,Outros,Rotação Da Coluna Torácica,media\exercicios\GIFS MOBILIDADE ALONGAMENTO LIBERAÇÃO\Rotação da coluna torácica de joelhos.gif
1202,Outros,Dorsiflexão,media\exercicios\GIFS MOBILIDADE ALONGAMENTO LIBERAÇÃO\Dorsiflexão plantar.gif
1203,Elevação Lateral,Elevação Lateral De Deltóide Posterior,media\exercicios\GIFS ABDOMINAIS\Elevação Lateral Alternada com Halteres.gif;media\exercicios\GIFS ABDOMINAIS\Elevação lateral de joelhos na Barra Fixa.gif;media\exercicios\GIFS MOBILIDADE ALONGAMENTO LIBERAÇÃO\Elevação lateral de deltóide posterior com halteres.gif;media\exercicios\GIFS ACADEMIA\OMBROS\Elevação lateral alternada com halteres.gif;media\exercicios\GIFS ACADEMIA\OMBROS\Elevação lateral com barra no chão.gif
1204,Outros,Rotação Externa Com Cabo Em Posição,media\exercicios\GIFS MOBILIDADE ALONGAMENTO LIBERAÇÃO\Rotação externa com cabo em posição de joelhos.gif
1206,Outros,Quadrúpede Com Elevação De Braço E Perna,media\exercicios\GIFS MOBILIDADE ALONGAMENTO LIBERAÇÃO\Quadrúpede com elevação de braço e perna contralateral.gif
1208,Outros,Rolo De Espuma Para Ombro E Peito,media\exercicios\GIFS MOBILIDADE ALONGAMENTO LIBERAÇÃO\Rolo de espuma para ombro e peito frontal.gif
1209,Outros,Contração,media\exercicios\GIFS MOBILIDADE ALONGAMENTO LIBERAÇÃO\Contração abdominal.gif
1210,Outros,Rolo De Espuma Para Fascite,media\exercicios\GIFS MOBILIDADE ALONGAMENTO LIBERAÇÃO\Rolo de espuma para fascite plantar.gif
1211,Outros,Rolo De Espuma Ombro,media\exercicios\GIFS MOBILIDADE ALONGAMENTO LIBERAÇÃO\Rolo de espuma ombro posterior.gif
1212,Outros,Rolamento De Espuma Para,media\exercicios\GIFS MOBILIDADE ALONGAMENTO LIBERAÇÃO\Rolamento de Espuma para Panturrilhas.gif
1213,Outros,Alongamento Em Círculos Nos,media\exercicios\GIFS MOBILIDADE ALONGAMENTO LIBERAÇÃO\Alongamento em Círculos nos Punhos.gif
1217,Outros,Alongamento Dos Ombros Por Trás Das,media\exercicios\GIFS MOBILIDADE ALONGAMENTO LIBERAÇÃO\Alongamento dos ombros por trás das costas.gif
1220,Panturrilha,Alongamento Sentado Para A Panturrilha Com Perna,media\exercicios\GIFS MOBILIDADE ALONGAMENTO LIBERAÇÃO\Alongamento da panturrilha agachado.gif;media\exercicios\GIFS MOBILIDADE ALONGAMENTO LIBERAÇÃO\Alongamento da panturrilha com descida do calcanhar.gif;media\exercicios\GIFS MOBILIDADE ALONGAMENTO LIBERAÇÃO\Alongamento de Panturrilha com Corda.gif;media\exercicios\GIFS MOBILIDADE ALONGAMENTO LIBERAÇÃO\Alongamento de panturrilha com uma perna.gif;media\exercicios\GIFS MOBILIDADE ALONGAMENTO LIBERAÇÃO\Alongamento de panturrilha em passo largo.gif
1225,Outros,Alongamento,media\exercicios\GIFS CALISTENIA\Alongamento do peitoral reverso.gif;media\exercicios\GIFS MOBILIDADE ALONGAMENTO LIBERAÇÃO\adução de pernas (alongamento do adutor maior).gif;media\exercicios\GIFS MOBILIDADE ALONGAMENTO LIBERAÇÃO\Alongamento assistido reverso (peitoral e ombro).gif;media\exercicios\GIFS MOBILIDADE ALONGAMENTO LIBERAÇÃO\Alongamento Borboleta.gif;media\exercicios\GIFS MOBILIDADE ALONGAMENTO LIBERAÇÃO\Alongamento com PVC na Posição Frontal de Rack.gif
1226,Outros,Alongamento Dos Flexores Do Quadril Em Posição,media\exercicios\GIFS MOBILIDADE ALONGAMENTO LIBERAÇÃO\Alongamento dos flexores do quadril em posição de joelho.gif
1227,Outros,Alongamento Do Peitoral Até As,media\exercicios\GIFS MOBILIDADE ALONGAMENTO LIBERAÇÃO\Alongamento do Peitoral até as Costas.gif
1228,Outros,Alongamento Dos Flexores De Quadril,media\exercicios\GIFS MOBILIDADE ALONGAMENTO LIBERAÇÃO\Alongamento dos flexores de quadril ajoelhado.gif
1231,Outros,Alongamentos De Pés E,media\exercicios\GIFS MOBILIDADE ALONGAMENTO LIBERAÇÃO\Alongamentos de pés e tornozelos.gif
1232,Outros,Alongamento Dos Adutores,media\exercicios\GIFS MOBILIDADE ALONGAMENTO LIBERAÇÃO\Alongamento dos Adutores com a Perna Estendida ajoelhado.gif;media\exercicios\GIFS MOBILIDADE ALONGAMENTO LIBERAÇÃO\Alongamento dos Adutores com Pernas Abertas em Pé.gif;media\exercicios\GIFS MOBILIDADE ALONGAMENTO LIBERAÇÃO\Alongamento dos adutores da coxa com rolo de espuma.gif;media\exercicios\GIFS MOBILIDADE ALONGAMENTO LIBERAÇÃO\Alongamento dos Adutores em Posição Sentada com Pernas Abertas.gif;media\exercicios\GIFS MOBILIDADE ALONGAMENTO LIBERAÇÃO\Alongamento dos adutores sentado.gif
1233,Outros,Rolagem De Espuma Para,media\exercicios\GIFS MOBILIDADE ALONGAMENTO LIBERAÇÃO\Rolagem de espuma para isquiotibiais.gif
1234,Outros,Alongamento Dos Adutores Em Posição Sentada Com Pernas,media\exercicios\GIFS MOBILIDADE ALONGAMENTO LIBERAÇÃO\Alongamento dos Adutores em Posição Sentada com Pernas Abertas.gif
1235,Outros,Rotação De Pé E,media\exercicios\GIFS MOBILIDADE ALONGAMENTO LIBERAÇÃO\Rotação de Pé e Tornozelo.gif
1236,Outros,Deslize De Parede Do Serrátil Com Rolo,media\exercicios\GIFS MOBILIDADE ALONGAMENTO LIBERAÇÃO\Deslize de parede do serrátil com rolo de espuma.gif
1238,Outros,Alongamento Do Trato Iliotibial Com Rolo,media\exercicios\GIFS MOBILIDADE ALONGAMENTO LIBERAÇÃO\Alongamento do trato iliotibial com rolo de espuma.gif
1240,Outros,Alongamento Do Manguito,media\exercicios\GIFS MOBILIDADE ALONGAMENTO LIBERAÇÃO\Alongamento do manguito rotador.gif
1243,Outros,Rolamento De Espuma Nos,media\exercicios\GIFS MOBILIDADE ALONGAMENTO LIBERAÇÃO\Rolamento de espuma nos quadríceps.gif;media\exercicios\GIFS MOBILIDADE ALONGAMENTO LIBERAÇÃO\Rolamento de espuma nos romboides.gif
1244,Outros,Alongamento Do Peito Com Rolo,media\exercicios\GIFS MOBILIDADE ALONGAMENTO LIBERAÇÃO\Alongamento do peito com rolo de espuma.gif
1246,Outros,Alongamento Dos Isquiotibiais,media\exercicios\GIFS MOBILIDADE ALONGAMENTO LIBERAÇÃO\Alongamento dos isquiotibiais em pé com a perna cruzada.gif;media\exercicios\GIFS MOBILIDADE ALONGAMENTO LIBERAÇÃO\Alongamento dos isquiotibiais em pé.gif;media\exercicios\GIFS MOBILIDADE ALONGAMENTO LIBERAÇÃO\Alongamento dos Isquiotibiais Sentado.gif
1248,Outros,Alongamento Do Tibial,media\exercicios\GIFS MOBILIDADE ALONGAMENTO LIBERAÇÃO\Alongamento do tibial posterior.gif
1249,Outros,Alongamento Dos Adutores Da Coxa Com Rolo,media\exercicios\GIFS MOBILIDADE ALONGAMENTO LIBERAÇÃO\Alongamento dos adutores da coxa com rolo de espuma.gif
1250,Outros,Alongamento De Quadríceps Em Quatro,media\exercicios\GIFS MOBILIDADE ALONGAMENTO LIBERAÇÃO\Alongamento de Quadríceps em Quatro Apoios.gif
1251,Outros,Rolamento De Espuma Nas,media\exercicios\GIFS MOBILIDADE ALONGAMENTO LIBERAÇÃO\Rolamento de espuma nas costas.gif
1254,Outros,Alongamento Dos Adutores Com A Perna Estendida,media\exercicios\GIFS MOBILIDADE ALONGAMENTO LIBERAÇÃO\Alongamento dos Adutores com a Perna Estendida ajoelhado.gif
1260,Outros,Alongamento Dinâmico,media\exercicios\GIFS MOBILIDADE ALONGAMENTO LIBERAÇÃO\Alongamento Dinâmico do Peitoral.gif
1261,Outros,Alongamento Dos Isquiotibiais Em Pé,media\exercicios\GIFS MOBILIDADE ALONGAMENTO LIBERAÇÃO\Alongamento dos isquiotibiais em pé com a perna cruzada.gif;media\exercicios\GIFS MOBILIDADE ALONGAMENTO LIBERAÇÃO\Alongamento dos isquiotibiais em pé.gif
1262,Outros,Alongamento Do Piriforme,media\exercicios\GIFS MOBILIDADE ALONGAMENTO LIBERAÇÃO\Alongamento do Piriforme Sentado.gif
1263,Outros,Alongamento Do Gastrocnêmio Com Joelho,media\exercicios\GIFS MOBILIDADE ALONGAMENTO LIBERAÇÃO\Alongamento do Gastrocnêmio com Joelho Flexionado.gif
1264,Outros,Alongamento Dos Isquiotibiais Em Pé Com A Perna,media\exercicios\GIFS MOBILIDADE ALONGAMENTO LIBERAÇÃO\Alongamento dos isquiotibiais em pé com a perna cruzada.gif
1265,Outros,Alongamento Do Ombro,media\exercicios\GIFS MOBILIDADE ALONGAMENTO LIBERAÇÃO\Alongamento do ombro com toalha.gif
1267,Panturrilha,Alongamento De Panturrilha,media\exercicios\GIFS MOBILIDADE ALONGAMENTO LIBERAÇÃO\Alongamento da panturrilha agachado.gif;media\exercicios\GIFS MOBILIDADE ALONGAMENTO LIBERAÇÃO\Alongamento da panturrilha com descida do calcanhar.gif;media\exercicios\GIFS MOBILIDADE ALONGAMENTO LIBERAÇÃO\Alongamento de Panturrilha com Corda.gif;media\exercicios\GIFS MOBILIDADE ALONGAMENTO LIBERAÇÃO\Alongamento de panturrilha com uma perna.gif;media\exercicios\GIFS MOBILIDADE ALONGAMENTO LIBERAÇÃO\Alongamento de panturrilha em passo largo.gif
1271,Outros,Alongamento De Quadríceps,media\exercicios\GIFS MOBILIDADE ALONGAMENTO LIBERAÇÃO\Alongamento de Quadríceps ajoelhado.gif;media\exercicios\GIFS MOBILIDADE ALONGAMENTO LIBERAÇÃO\Alongamento de Quadríceps em Quatro Apoios.gif
1272,Outros,Alongamento De Isquiotibiais,media\exercicios\GIFS MOBILIDADE ALONGAMENTO LIBERAÇÃO\Alongamento de Isquiotibiais deitado.gif;media\exercicios\GIFS MOBILIDADE ALONGAMENTO LIBERAÇÃO\Alongamento de Isquiotibiais em Pé.gif
1274,Outros,Alongamento De Ombro Com O Braço,media\exercicios\GIFS MOBILIDADE ALONGAMENTO LIBERAÇÃO\Alongamento de ombro com o braço cruzado.gif
1276,Outros,Catavento,media\exercicios\GIFS MOBILIDADE ALONGAMENTO LIBERAÇÃO\Catavento corporal.gif
1278,Outros,Alongamento Da Parte Superior Das,media\exercicios\GIFS MOBILIDADE ALONGAMENTO LIBERAÇÃO\Alongamento da parte superior das costas.gif
1279,Outros,Alongamento Das Costas Com Rolo,media\exercicios\GIFS MOBILIDADE ALONGAMENTO LIBERAÇÃO\Alongamento das Costas com Rolo de Espuma.gif
1281,Glúteo,Alongamento De Glúteos,media\exercicios\GIFS MOBILIDADE ALONGAMENTO LIBERAÇÃO\Alongamento de Glúteos Deitado.gif;media\exercicios\GIFS MOBILIDADE ALONGAMENTO LIBERAÇÃO\Rolo de Espuma para os Glúteos.gif;media\exercicios\GIFS TREINAMENTO FUNCIONAL\Chutes Alternados de Glúteos no Banco.gif;media\exercicios\GIFS ACADEMIA\GLÚTEOS\Glúteo Coice Na Alavanca.gif;media\exercicios\GIFS ACADEMIA\GLÚTEOS\Glúteo Coice Na Máquina De Extensão De Pernas.gif
1282,Panturrilha,Alongamento Da Panturrilha Com Descida,media\exercicios\GIFS MOBILIDADE ALONGAMENTO LIBERAÇÃO\Alongamento da panturrilha agachado.gif;media\exercicios\GIFS MOBILIDADE ALONGAMENTO LIBERAÇÃO\Alongamento da panturrilha com descida do calcanhar.gif;media\exercicios\GIFS MOBILIDADE ALONGAMENTO LIBERAÇÃO\Alongamento de Panturrilha com Corda.gif;media\exercicios\GIFS MOBILIDADE ALONGAMENTO LIBERAÇÃO\Alongamento de panturrilha com uma perna.gif;media\exercicios\GIFS MOBILIDADE ALONGAMENTO LIBERAÇÃO\Alongamento de panturrilha em passo largo.gif
1284,Panturrilha,Alongamento Da Panturrilha,media\exercicios\GIFS MOBILIDADE ALONGAMENTO LIBERAÇÃO\Alongamento da panturrilha agachado.gif;media\exercicios\GIFS MOBILIDADE ALONGAMENTO LIBERAÇÃO\Alongamento da panturrilha com descida do calcanhar.gif;media\exercicios\GIFS MOBILIDADE ALONGAMENTO LIBERAÇÃO\Alongamento de Panturrilha com Corda.gif;media\exercicios\GIFS MOBILIDADE ALONGAMENTO LIBERAÇÃO\Alongamento de panturrilha com uma perna.gif;media\exercicios\GIFS MOBILIDADE ALONGAMENTO LIBERAÇÃO\Alongamento de panturrilha em passo largo.gif
1290,Outros,Alongamento Do Peitoral,media\exercicios\GIFS CALISTENIA\Alongamento do peitoral reverso.gif;media\exercicios\GIFS MOBILIDADE ALONGAMENTO LIBERAÇÃO\Alongamento do Peitoral até as Costas.gif;media\exercicios\GIFS MOBILIDADE ALONGAMENTO LIBERAÇÃO\Alongamento do Peitoral com um Braço em Pé.gif;media\exercicios\GIFS MOBILIDADE ALONGAMENTO LIBERAÇÃO\Alongamento do peitoral e do ombro na porta.gif;media\exercicios\GIFS MOBILIDADE ALONGAMENTO LIBERAÇÃO\Alongamento do peitoral reverso.gif
1291,Outros,Flexão De Punho,media\exercicios\GIFS CALISTENIA\Flexão de Punho Fechado.gif;media\exercicios\GIFS ACADEMIA\ANTEBRAÇO\Flexão de Punho com Cabo em um Braço no Chão.gif;media\exercicios\GIFS ACADEMIA\ANTEBRAÇO\Flexão de Punho com Halteres.gif;media\exercicios\GIFS ACADEMIA\ANTEBRAÇO\Flexão de Punho Reversa com Anilha.gif;media\exercicios\GIFS ACADEMIA\ANTEBRAÇO\Flexão de Punho Reversa com Barra Sobre um Banco.gif
1295,Outros,Barra Fixa Com Pegada Invertida,media\exercicios\GIFS CALISTENIA\Barra fixa com pegada invertida assistido.gif
1296,Outros,Avanço Sem Peso,media\exercicios\GIFS CALISTENIA\Avanço sem Peso Corporal.gif
1297,Outros,Barra Fixa Com Pegada,media\exercicios\GIFS CALISTENIA\Barra Fixa com Pegada Fechada.gif;media\exercicios\GIFS CALISTENIA\Barra fixa com pegada invertida assistido.gif
1299,Outros,Flexão,media\exercicios\GIFS ABDOMINAIS\Abdominal infra no solo com flexão de joelho.gif;media\exercicios\GIFS ABDOMINAIS\Flexão de Joelho com Bola de Estabilidade.gif;media\exercicios\GIFS ABDOMINAIS\Flexão de Tronco em T.gif;media\exercicios\GIFS ABDOMINAIS\Prancha lateral com flexão do quadril.gif;media\exercicios\GIFS CALISTENIA\Flexão com Toque no Peito.gif
1300,Outros,Bandeira,media\exercicios\GIFS CALISTENIA\Bandeira Humana.gif
1302,Outros,Barra Fixa Com Braços,media\exercicios\GIFS CALISTENIA\Barra fixa com braços alternados.gif
1304,Outros,Flexão De Perna Com Halteres Em Decúbito,media\exercicios\GIFS CALISTENIA\Flexão de Perna com Halteres em Decúbito Dorsal.gif
1313,Outros,Flexão De Braço Na Parede Com Pegada,media\exercicios\GIFS CALISTENIA\Flexão de Braço na Parede com Pegada Fechada.gif;media\exercicios\GIFS TREINAMENTO FUNCIONAL\Flexão de Braço na Parede com Pegada Fechada.gif
1314,Outros,Flexão De Braço Com Bola Medicinal Com Apoio Em Um Braço,media\exercicios\GIFS CALISTENIA\Flexão de Braço com Bola Medicinal com Apoio em Um Braço.gif;media\exercicios\GIFS TREINAMENTO FUNCIONAL\Flexão de Braço com Bola Medicinal com Apoio em Um Braço.gif
1315,Agachamento,Agachamento Sissy Ajoelhado Com Peso,media\exercicios\GIFS CALISTENIA\Agachamento Pistol com TRX.gif;media\exercicios\GIFS CALISTENIA\Agachamento Pistola Apoiado.gif;media\exercicios\GIFS CALISTENIA\Agachamento Pistola com Kettlebell.gif;media\exercicios\GIFS CALISTENIA\Agachamento Pistola na Caixa.gif;media\exercicios\GIFS CALISTENIA\Agachamento Sissy ajoelhado com Peso Corporal.gif
1319,Outros,Flexão De Braços Com Apoio Dos Joelhos,media\exercicios\GIFS CALISTENIA\Flexão de Braços com Apoio dos Joelhos Fechada.gif;media\exercicios\GIFS TREINAMENTO FUNCIONAL\Flexão de Braços com Apoio dos Joelhos Fechada.gif
1320,Outros,Flexão De Braço Com Uma Perna,media\exercicios\GIFS CALISTENIA\Flexão de Braço com Uma Perna.gif;media\exercicios\GIFS TREINAMENTO FUNCIONAL\Flexão de Braço com Uma Perna.gif
1321,Outros,Paralelas Entre,media\exercicios\GIFS CALISTENIA\Paralelas entre Cadeiras.gif
1324,Agachamento,Agachamento Pistola,media\exercicios\GIFS CALISTENIA\Agachamento Pistol com TRX.gif;media\exercicios\GIFS CALISTENIA\Agachamento Pistola Apoiado.gif;media\exercicios\GIFS CALISTENIA\Agachamento Pistola com Kettlebell.gif;media\exercicios\GIFS CALISTENIA\Agachamento Pistola na Caixa.gif;media\exercicios\GIFS CALISTENIA\Agachamento Sissy ajoelhado com Peso Corporal.gif
1325,Outros,Flexão De Braço Declinada Com Bola,media\exercicios\GIFS CALISTENIA\Flexão de Braço Declinada com Bola de Estabilidade.gif;media\exercicios\GIFS CROSSFIT\Flexão de Braço Declinada com Bola de Estabilidade.gif;media\exercicios\GIFS TREINAMENTO FUNCIONAL\Flexão de Braço Declinada com Bola de Estabilidade.gif
1326,Outros,Flexões De Apoio De Mão,media\exercicios\GIFS CALISTENIA\Flexões de apoio de mão na parede.gif;media\exercicios\GIFS CROSSFIT\Flexões de apoio de mão na parede.gif
1330,Outros,Mergulho,media\exercicios\GIFS CALISTENIA\Mergulho Coreano.gif;media\exercicios\GIFS ACADEMIA\PEITORAL\Mergulho de peito assistido.gif;media\exercicios\GIFS ACADEMIA\TRÍCEPS\Mergulho de tríceps com alavanca.gif;media\exercicios\GIFS ACADEMIA\TRÍCEPS\Mergulho de tríceps.gif;media\exercicios\GIFS ACADEMIA\TRÍCEPS\Mergulhos Assistidos para Tríceps.gif
1331,Outros,Suspensão,media\exercicios\GIFS CALISTENIA\Suspensão Passiva.gif
1333,Outros,Wall Sit Com Inclinação,media\exercicios\GIFS TREINAMENTO FUNCIONAL\Wall Sit com Inclinação de Tronco.gif
1335,Tríceps Francês,Tríceps Francês Em Pé,media\exercicios\GIFS TREINAMENTO FUNCIONAL\Tríceps Francês com Faixa Elástica Acima da Cabeça.gif;media\exercicios\GIFS TREINAMENTO FUNCIONAL\Tríceps Francês em Pé com Gymstick.gif;media\exercicios\GIFS ACADEMIA\TRÍCEPS\Tríceps Francês Alternada com Halteres no Banco Inclinado.gif;media\exercicios\GIFS ACADEMIA\TRÍCEPS\Tríceps francês com barra W acima da cabeça sentado.gif;media\exercicios\GIFS ACADEMIA\TRÍCEPS\Tríceps Francês com Halter Bilateral.gif
1346,Agachamento,Salto Na Caixa Para Agachamento,media\exercicios\GIFS CALISTENIA\Agachamento Pistol com TRX.gif;media\exercicios\GIFS CALISTENIA\Agachamento Pistola Apoiado.gif;media\exercicios\GIFS CALISTENIA\Agachamento Pistola com Kettlebell.gif;media\exercicios\GIFS CALISTENIA\Agachamento Pistola na Caixa.gif;media\exercicios\GIFS CALISTENIA\Agachamento Sissy ajoelhado com Peso Corporal.gif
1349,Agachamento,Agachamento No Banco Com Peso,media\exercicios\GIFS CALISTENIA\Agachamento Pistol com TRX.gif;media\exercicios\GIFS CALISTENIA\Agachamento Pistola Apoiado.gif;media\exercicios\GIFS CALISTENIA\Agachamento Pistola com Kettlebell.gif;media\exercicios\GIFS CALISTENIA\Agachamento Pistola na Caixa.gif;media\exercicios\GIFS CALISTENIA\Agachamento Sissy ajoelhado com Peso Corporal.gif
1353,Agachamento,Agachamento Dividido,media\exercicios\GIFS CALISTENIA\Agachamento Pistol com TRX.gif;media\exercicios\GIFS CALISTENIA\Agachamento Pistola Apoiado.gif;media\exercicios\GIFS CALISTENIA\Agachamento Pistola com Kettlebell.gif;media\exercicios\GIFS CALISTENIA\Agachamento Pistola na Caixa.gif;media\exercicios\GIFS CALISTENIA\Agachamento Sissy ajoelhado com Peso Corporal.gif
1358,Outros,Flexão De Braço Com Bola,media\exercicios\GIFS CALISTENIA\Flexão de Braço com Bola Medicinal com Apoio em Um Braço.gif;media\exercicios\GIFS CROSSFIT\Flexão de Braço com Bola de Estabilidade.gif;media\exercicios\GIFS CROSSFIT\Flexão de Braço com Bola Medicinal em Um Braço.gif;media\exercicios\GIFS TREINAMENTO FUNCIONAL\Flexão de Braço com Bola de Estabilidade.gif;media\exercicios\GIFS TREINAMENTO FUNCIONAL\Flexão de Braço com Bola Medicinal com Apoio em Um Braço.gif
1359,Agachamento,Agachamento Com Elevação Dos,media\exercicios\GIFS CALISTENIA\Agachamento Pistol com TRX.gif;media\exercicios\GIFS CALISTENIA\Agachamento Pistola Apoiado.gif;media\exercicios\GIFS CALISTENIA\Agachamento Pistola com Kettlebell.gif;media\exercicios\GIFS CALISTENIA\Agachamento Pistola na Caixa.gif;media\exercicios\GIFS CALISTENIA\Agachamento Sissy ajoelhado com Peso Corporal.gif
1361,Desenvolvimento,Desenvolvimento Militar Atrás Da Cabeça,media\exercicios\GIFS CROSSFIT\Desenvolvimento Arnold com kettlebell.gif;media\exercicios\GIFS CROSSFIT\Desenvolvimento de ombro com kettlebell.gif;media\exercicios\GIFS CROSSFIT\Desenvolvimentos com kettlebell unilateral de joelhos.gif;media\exercicios\GIFS TREINAMENTO FUNCIONAL\Desenvolvimento de ombro unilateral com banda.gif;media\exercicios\GIFS TREINAMENTO FUNCIONAL\Desenvolvimento lateral com gymstick.gif
1362,Agachamento,Agachamento Com Chute Lateral E Toque,media\exercicios\GIFS CALISTENIA\Agachamento Pistol com TRX.gif;media\exercicios\GIFS CALISTENIA\Agachamento Pistola Apoiado.gif;media\exercicios\GIFS CALISTENIA\Agachamento Pistola com Kettlebell.gif;media\exercicios\GIFS CALISTENIA\Agachamento Pistola na Caixa.gif;media\exercicios\GIFS CALISTENIA\Agachamento Sissy ajoelhado com Peso Corporal.gif
1363,Outros,Elevação Com Giro Do Cotovelo Oposto Para O,media\exercicios\GIFS TREINAMENTO FUNCIONAL\Elevação com Giro do Cotovelo Oposto para o Joelho.gif
1366,Outros,Nave Seal,media\exercicios\GIFS TREINAMENTO FUNCIONAL\Nave Seal Burpee.gif
1368,Agachamento,Agachamento Com Faixa Elástica Em,media\exercicios\GIFS CALISTENIA\Agachamento Pistol com TRX.gif;media\exercicios\GIFS CALISTENIA\Agachamento Pistola Apoiado.gif;media\exercicios\GIFS CALISTENIA\Agachamento Pistola com Kettlebell.gif;media\exercicios\GIFS CALISTENIA\Agachamento Pistola na Caixa.gif;media\exercicios\GIFS CALISTENIA\Agachamento Sissy ajoelhado com Peso Corporal.gif
1373,Outros,Salto Com Halteres,media\exercicios\GIFS TREINAMENTO FUNCIONAL\Salto com halteres dividido.gif
1375,Desenvolvimento,Desenvolvimento Lateral,media\exercicios\GIFS CROSSFIT\Desenvolvimento Arnold com kettlebell.gif;media\exercicios\GIFS CROSSFIT\Desenvolvimento de ombro com kettlebell.gif;media\exercicios\GIFS CROSSFIT\Desenvolvimentos com kettlebell unilateral de joelhos.gif;media\exercicios\GIFS TREINAMENTO FUNCIONAL\Desenvolvimento de ombro unilateral com banda.gif;media\exercicios\GIFS TREINAMENTO FUNCIONAL\Desenvolvimento lateral com gymstick.gif
1376,Outros,Salto Em Uma Perna Para A,media\exercicios\GIFS TREINAMENTO FUNCIONAL\Salto em Uma Perna para a Frente.gif
1379,Agachamento,Salto Em Agachamento Com Joelhos,media\exercicios\GIFS CALISTENIA\Agachamento Pistol com TRX.gif;media\exercicios\GIFS CALISTENIA\Agachamento Pistola Apoiado.gif;media\exercicios\GIFS CALISTENIA\Agachamento Pistola com Kettlebell.gif;media\exercicios\GIFS CALISTENIA\Agachamento Pistola na Caixa.gif;media\exercicios\GIFS CALISTENIA\Agachamento Sissy ajoelhado com Peso Corporal.gif
1380,Agachamento,Agachamento Búlgaro Com Peso,media\exercicios\GIFS CALISTENIA\Agachamento Pistol com TRX.gif;media\exercicios\GIFS CALISTENIA\Agachamento Pistola Apoiado.gif;media\exercicios\GIFS CALISTENIA\Agachamento Pistola com Kettlebell.gif;media\exercicios\GIFS CALISTENIA\Agachamento Pistola na Caixa.gif;media\exercicios\GIFS CALISTENIA\Agachamento Sissy ajoelhado com Peso Corporal.gif
1381,Remada,Remada Unilateral,media\exercicios\GIFS CALISTENIA\Remada com o Peso do Corpo na Porta.gif;media\exercicios\GIFS CROSSFIT\Remada com barra curvada para trás.gif;media\exercicios\GIFS TREINAMENTO FUNCIONAL\Remada com banda de resistência curvada para deltoides posterior.gif;media\exercicios\GIFS TREINAMENTO FUNCIONAL\Remada sentada com faixa.gif;media\exercicios\GIFS TREINAMENTO FUNCIONAL\Remada unilateral com gymstick.gif
1382,Tríceps,Extensão De Tríceps Com Faixas Elá,media\exercicios\GIFS MOBILIDADE ALONGAMENTO LIBERAÇÃO\Alongamento de tríceps em pé.gif;media\exercicios\GIFS TREINAMENTO FUNCIONAL\Extensão de tríceps com elástico na posição horizontal.gif;media\exercicios\GIFS TREINAMENTO FUNCIONAL\Extensão de Tríceps com Faixa Elástica.gif;media\exercicios\GIFS TREINAMENTO FUNCIONAL\Extensão de Tríceps com Faixas Elásticas.gif;media\exercicios\GIFS TREINAMENTO FUNCIONAL\Tríceps Francês com Faixa Elástica Acima da Cabeça.gif
1385,Outros,Cruzado,media\exercicios\GIFS ABDOMINAIS\Abdominal Cruzado.gif;media\exercicios\GIFS ABDOMINAIS\Escalador Cruzado de Montanha.gif;media\exercicios\GIFS MOBILIDADE ALONGAMENTO LIBERAÇÃO\Alongamento de ombro com o braço cruzado.gif;media\exercicios\GIFS TREINAMENTO FUNCIONAL\Cruzado de Direita.gif;media\exercicios\GIFS ACADEMIA\PERNAS\Agachamento unilateral cruzado com haltere.gif
1386,Outros,Corda,media\exercicios\GIFS CROSSFIT\Corda de batalha.gif;media\exercicios\GIFS CROSSFIT\Pular Corda.gif;media\exercicios\GIFS CROSSFIT\Subida na Corda sem Pernas.gif;media\exercicios\GIFS MOBILIDADE ALONGAMENTO LIBERAÇÃO\Alongamento de Panturrilha com Corda.gif;media\exercicios\GIFS TREINAMENTO FUNCIONAL\Corda de batalha.gif
1391,Remada,Remada Com Banda De Resistência Curvada Para Deltoides,media\exercicios\GIFS CALISTENIA\Remada com o Peso do Corpo na Porta.gif;media\exercicios\GIFS CROSSFIT\Remada com barra curvada para trás.gif;media\exercicios\GIFS TREINAMENTO FUNCIONAL\Remada com banda de resistência curvada para deltoides posterior.gif;media\exercicios\GIFS TREINAMENTO FUNCIONAL\Remada sentada com faixa.gif;media\exercicios\GIFS TREINAMENTO FUNCIONAL\Remada unilateral com gymstick.gif
1392,Outros,Gancho,media\exercicios\GIFS TREINAMENTO FUNCIONAL\Gancho de Direita.gif
1396,Tríceps,Extensão De Tríceps Com Elástico Na Posição,media\exercicios\GIFS MOBILIDADE ALONGAMENTO LIBERAÇÃO\Alongamento de tríceps em pé.gif;media\exercicios\GIFS TREINAMENTO FUNCIONAL\Extensão de tríceps com elástico na posição horizontal.gif;media\exercicios\GIFS TREINAMENTO FUNCIONAL\Extensão de Tríceps com Faixa Elástica.gif;media\exercicios\GIFS TREINAMENTO FUNCIONAL\Extensão de Tríceps com Faixas Elásticas.gif;media\exercicios\GIFS TREINAMENTO FUNCIONAL\Tríceps Francês com Faixa Elástica Acima da Cabeça.gif
1398,Outros,Cruz De Ferro,media\exercicios\GIFS CROSSFIT\Cruz de ferro com halteres.gif;media\exercicios\GIFS TREINAMENTO FUNCIONAL\Cruz de ferro com halteres.gif
1449,Outros,Flexão De Pernas Na Bola De Estabilidade,media\exercicios\GIFS TREINAMENTO FUNCIONAL\Flexão de Pernas na Bola de Estabilidade.gif;media\exercicios\GIFS ACADEMIA\PERNAS\Flexão de Pernas na Bola de Estabilidade.gif
1466,L Sit,Wall Sit,media\exercicios\GIFS TREINAMENTO FUNCIONAL\Wall Sit com Inclinação de Tronco.gif;media\exercicios\GIFS TREINAMENTO FUNCIONAL\Wall Sit.gif;media\exercicios\GIFS ACADEMIA\PERNAS\Wall Sit.gif
1468,Outros,Subida No Step Com Elevação De Joelhos,media\exercicios\GIFS TREINAMENTO FUNCIONAL\Subida no Step com Elevação de Joelhos.gif;media\exercicios\GIFS ACADEMIA\PERNAS\Subida no Step com Elevação de Joelhos.gif
1509,Elevação Lateral,Elevação Lateral Alternada Com Halteres,media\exercicios\GIFS ABDOMINAIS\Elevação Lateral Alternada com Halteres.gif;media\exercicios\GIFS ABDOMINAIS\Elevação lateral de joelhos na Barra Fixa.gif;media\exercicios\GIFS MOBILIDADE ALONGAMENTO LIBERAÇÃO\Elevação lateral de deltóide posterior com halteres.gif;media\exercicios\GIFS ACADEMIA\OMBROS\Elevação lateral alternada com halteres.gif;media\exercicios\GIFS ACADEMIA\OMBROS\Elevação lateral com barra no chão.gif
1547,Agachamento,Agachamento Com Sustentação E Elevação De Panturrilhas,media\exercicios\GIFS CALISTENIA\Agachamento Pistol com TRX.gif;media\exercicios\GIFS CALISTENIA\Agachamento Pistola Apoiado.gif;media\exercicios\GIFS CALISTENIA\Agachamento Pistola com Kettlebell.gif;media\exercicios\GIFS CALISTENIA\Agachamento Pistola na Caixa.gif;media\exercicios\GIFS CALISTENIA\Agachamento Sissy ajoelhado com Peso Corporal.gif
1567,V Up,V Up Com Bola De Estabilidade,
1635,Outros,Superman,media\exercicios\GIFS MOBILIDADE ALONGAMENTO LIBERAÇÃO\Superman.gif;media\exercicios\GIFS TREINAMENTO FUNCIONAL\Superman.gif;media\exercicios\GIFS ACADEMIA\ERETORES DA ESPINHA\Superman.gif
1698,Outros,Alongamento Do Peitoral Reverso,media\exercicios\GIFS CALISTENIA\Alongamento do peitoral reverso.gif;media\exercicios\GIFS MOBILIDADE ALONGAMENTO LIBERAÇÃO\Alongamento do peitoral reverso.gif
1707,Outros,Flexão De Joelhos,media\exercicios\GIFS CALISTENIA\Flexão de joelhos.gif;media\exercicios\GIFS TREINAMENTO FUNCIONAL\Flexão de joelhos.gif
1710,Outros,Flexão De Pernas Com Toalha,media\exercicios\GIFS CALISTENIA\Flexão de pernas com toalha.gif;media\exercicios\GIFS TREINAMENTO FUNCIONAL\Flexão de pernas com toalha.gif
1716,Outros,Flexão De Parede,media\exercicios\GIFS CALISTENIA\Flexão de Parede.gif;media\exercicios\GIFS TREINAMENTO FUNCIONAL\Flexão de Parede.gif
1718,Outros,Flexão De Braço Na Parede Com Pegada Fechada,media\exercicios\GIFS CALISTENIA\Flexão de Braço na Parede com Pegada Fechada.gif;media\exercicios\GIFS TREINAMENTO FUNCIONAL\Flexão de Braço na Parede com Pegada Fechada.gif
1720,Outros,Flexão De Braços Com Apoio Dos Joelhos Fechada,media\exercicios\GIFS CALISTENIA\Flexão de Braços com Apoio dos Joelhos Fechada.gif;media\exercicios\GIFS TREINAMENTO FUNCIONAL\Flexão de Braços com Apoio dos Joelhos Fechada.gif
1727,Outros,Flexão De Braço Declinada Com Bola De Estabilidade,media\exercicios\GIFS CALISTENIA\Flexão de Braço Declinada com Bola de Estabilidade.gif;media\exercicios\GIFS CROSSFIT\Flexão de Braço Declinada com Bola de Estabilidade.gif;media\exercicios\GIFS TREINAMENTO FUNCIONAL\Flexão de Braço Declinada com Bola de Estabilidade.gif
1851,Alongamento,Alongamento Dos Isquiotibiais Em Pé,media\exercicios\GIFS CALISTENIA\Alongamento do peitoral reverso.gif;media\exercicios\GIFS MOBILIDADE ALONGAMENTO LIBERAÇÃO\adução de pernas (alongamento do adutor maior).gif;media\exercicios\GIFS MOBILIDADE ALONGAMENTO LIBERAÇÃO\Alongamento assistido reverso (peitoral e ombro).gif;media\exercicios\GIFS MOBILIDADE ALONGAMENTO LIBERAÇÃO\Alongamento Borboleta.gif;media\exercicios\GIFS MOBILIDADE ALONGAMENTO LIBERAÇÃO\Alongamento com PVC na Posição Frontal de Rack.gif
1874,Alongamento,Alongamento Do Peitoral Reverso,media\exercicios\GIFS CALISTENIA\Alongamento do peitoral reverso.gif;media\exercicios\GIFS MOBILIDADE ALONGAMENTO LIBERAÇÃO\adução de pernas (alongamento do adutor maior).gif;media\exercicios\GIFS MOBILIDADE ALONGAMENTO LIBERAÇÃO\Alongamento assistido reverso (peitoral e ombro).gif;media\exercicios\GIFS MOBILIDADE ALONGAMENTO LIBERAÇÃO\Alongamento Borboleta.gif;media\exercicios\GIFS MOBILIDADE ALONGAMENTO LIBERAÇÃO\Alongamento com PVC na Posição Frontal de Rack.gif
1880,Wall Sit,Wall Sit,media\exercicios\GIFS TREINAMENTO FUNCIONAL\Wall Sit com Inclinação de Tronco.gif;media\exercicios\GIFS TREINAMENTO FUNCIONAL\Wall Sit.gif;media\exercicios\GIFS ACADEMIA\PERNAS\Wall Sit.gif
1930,Superman,Superman,media\exercicios\GIFS MOBILIDADE ALONGAMENTO LIBERAÇÃO\Superman.gif;media\exercicios\GIFS TREINAMENTO FUNCIONAL\Superman.gif;media\exercicios\GIFS ACADEMIA\ERETORES DA ESPINHA\Superman.gif
1934,Step Up,Subida No Step Com Elevação De Joelhos,media\exercicios\GIFS TREINAMENTO FUNCIONAL\Subida no Step com Elevação de Joelhos.gif;media\exercicios\GIFS ACADEMIA\PERNAS\Subida no Step com Elevação de Joelhos.gif
