id,exercicio,variacao,score,gif_sugerido
666,Supino,Reto halter,63.829787234042556,media\exercicios\GIFS ACADEMIA\PEITORAL\Supino Inclinado com Halteres.gif
668,Supino,Inclinado halter,88.46153846153845,media\exercicios\GIFS ACADEMIA\PEITORAL\Supino Inclinado com Halteres.gif
672,Crucifixo,Máquina,57.77777777777777,media\exercicios\GIFS ACADEMIA\PEITORAL\Crucifixo com Cabo Declinado.gif
673,Crucifixo,Cross (cabo),70.83333333333333,media\exercicios\GIFS ACADEMIA\PEITORAL\Crucifixo Deitado com Cabo.gif
675,Remada,Unilateral halter,81.35593220338984,media\exercicios\GIFS ACADEMIA\TRAPÉZIO\Remada alta com halteres unilateral.gif
677,Remada,Cavalinho,64.86486486486487,media\exercicios\GIFS ACADEMIA\COSTAS\Remada T com alavanca.gif
678,Puxada,Frontal aberta,66.66666666666667,media\exercicios\GIFS CALISTENIA\Puxada Front Lever.gif
679,Puxada,Frontal fechada,65.0,media\exercicios\GIFS CALISTENIA\Puxada Front Lever.gif
680,Puxada,Neutra,75.0,media\exercicios\GIFS ACADEMIA\COSTAS\Puxada Alta.gif
681,Puxada,Supinada,55.55555555555556,media\exercicios\GIFS ACADEMIA\PEITORAL\Supino pegada martelo.gif
687,Elevação lateral,Polia,77.55102040816327,media\exercicios\GIFS ACADEMIA\OMBROS\Elevação lateral na máquina.gif
690,Elevação frontal,Halteres,92.5925925925926,media\exercicios\GIFS ACADEMIA\OMBROS\Elevação frontal com halteres.gif
691,Elevação frontal,Polia,70.58823529411764,media\exercicios\GIFS ACADEMIA\OMBROS\Elevação frontal com halteres.gif
696,Rosca,No cabo,100.0,media\exercicios\GIFS ACADEMIA\BÍCEPS\Rosca no Cabo.gif
711,Abdução,Polia,53.65853658536586,media\exercicios\GIFS ACADEMIA\GLÚTEOS\Abdução de Quadril com Ponte.gif
712,Abdução,Elástico,60.60606060606061,media\exercicios\GIFS TREINAMENTO FUNCIONAL\Step com elástico.gif
713,Panturrilha,Em pé,97.14285714285714,media\exercicios\GIFS ACADEMIA\PANTURRILHAS\Panturrilhas em Pé.gif
717,Agachamento,Livre,78.57142857142857,media\exercicios\GIFS CALISTENIA\Agachamento.gif
719,Agachamento,Frontal,100.0,media\exercicios\GIFS ACADEMIA\PERNAS\Agachamento Frontal.gif
725,Cadeira extensora,Unilateral,82.14285714285714,media\exercicios\GIFS ACADEMIA\PERNAS\Extensão de Perna Unilateral.gif
726,Cadeira extensora,Bilateral,77.27272727272727,media\exercicios\GIFS ACADEMIA\PERNAS\Cadeira extensora.gif
730,Stiff,Halteres,80.0,media\exercicios\GIFS ACADEMIA\PERNAS\Stiff com Halter.gif
731,Stiff,Smith,59.25925925925925,media\exercicios\GIFS ACADEMIA\PERNAS\Stiff com Halter.gif
733,Afundo,Smith,61.53846153846154,media\exercicios\GIFS TREINAMENTO FUNCIONAL\Afundo Lateral.gif
734,Afundo,Passada,64.28571428571428,media\exercicios\GIFS TREINAMENTO FUNCIONAL\Afundo Lateral.gif
1163,Abdominal,Abdominal Com Joelhos,91.52542372881356,media\exercicios\GIFS ABDOMINAIS\Abdominal com Rolo Abdominal.gif
840,Supino,Supino Inclinado Na Máquina Com Pegada,83.51648351648352,media\exercicios\GIFS ACADEMIA\PEITORAL\Supino Inclinado na Máquina com Pegada Martelo.gif
841,Supino,Supino Inclinado,70.58823529411764,media\exercicios\GIFS ACADEMIA\PEITORAL\Supino Inclinado na Alavanca.gif
834,Supino,Supino Inclinado Com Halteres E Pegada,83.51648351648352,media\exercicios\GIFS ACADEMIA\PEITORAL\Supino inclinado com halteres e pegada fechada.gif
836,Supino,Supino Declinada,67.85714285714286,media\exercicios\GIFS ACADEMIA\PEITORAL\Supino declinado na máquina Smith.gif
837,Outros,Pullover Com Halteres Na Bola,71.60493827160495,media\exercicios\GIFS ACADEMIA\PEITORAL\Pullover com Halteres na Bola de Estabilidade.gif
838,Supino,Supino Pegada,64.70588235294117,media\exercicios\GIFS ACADEMIA\TRÍCEPS\Supino Fechado.gif
839,Outros,Mergulho De Peito,69.76744186046511,media\exercicios\GIFS ACADEMIA\TRÍCEPS\Mergulho de tríceps.gif
1164,Abdominal,Abdominal Com Bola,82.14285714285714,media\exercicios\GIFS ABDOMINAIS\Abdominal com Rolo Abdominal.gif
846,Supino,Supino Invertido Com Pegada,79.41176470588236,media\exercicios\GIFS ACADEMIA\PEITORAL\Supino invertido com pegada aberta.gif
847,Supino,Supino Unilateral,74.07407407407408,media\exercicios\GIFS ACADEMIA\PEITORAL\Supino unilateral com Alavanca.gif
849,Supino,Supino Declinado Pegada,75.40983606557377,media\exercicios\GIFS ACADEMIA\PEITORAL\Supino declinado pegada martelo.gif
851,Cross Over,Crossover,61.224489795918366,media\exercicios\GIFS ACADEMIA\PEITORAL\Crossover Unilateral com Cabo.gif
852,Supino,Supino Declinado Unilateral Pegada Martelo,81.55339805825243,media\exercicios\GIFS ACADEMIA\PEITORAL\Supino Declinado Unilateral Pegada Martelo com Haltere.gif
854,Crucifixo,Crucifixo Com Cabo,78.57142857142857,media\exercicios\GIFS ACADEMIA\PEITORAL\Crucifixo com Cabo Declinado.gif
857,Supino,Supino Declinado,71.42857142857143,media\exercicios\GIFS ACADEMIA\PEITORAL\Supino declinado na máquina Smith.gif
858,Supino,Supino Unilateral Com Halteres Com Pegada,88.65979381443299,media\exercicios\GIFS ACADEMIA\PEITORAL\Supino Unilateral com Halteres com Pegada Reversa.gif
859,Supino,Supino Inclinado Com Pegada,78.26086956521739,media\exercicios\GIFS ACADEMIA\PEITORAL\Supino inclinado com pegada fechada.gif
860,Puxada,Puxada Alta Com Um Joelho,76.92307692307692,media\exercicios\GIFS ACADEMIA\COSTAS\Puxada Alta com Um Joelho Apoiado.gif
864,Remada,Remada T Invertida,78.04878048780488,media\exercicios\GIFS ACADEMIA\COSTAS\Remada Invertida.gif
865,Outros,Pullover Na Máquina,66.66666666666667,media\exercicios\GIFS ACADEMIA\COSTAS\Pullover na Máquina de Alavanca.gif
867,Remada,Remada,68.96551724137932,media\exercicios\GIFS ACADEMIA\COSTAS\Remada Invertida.gif
871,Remada,Remada T,66.66666666666667,media\exercicios\GIFS ACADEMIA\COSTAS\Remada T com Landmine.gif
872,Outros,Pullover Com Barra W Pegada,81.69014084507043,media\exercicios\GIFS ACADEMIA\COSTAS\Pullover com Barra W Pegada invertida.gif
878,Puxada,Puxada Na Polia Alta Com Pegada,80.51948051948052,media\exercicios\GIFS ACADEMIA\COSTAS\Puxada na Polia Alta com Pegada Fechada.gif
880,Outros,Pullover Com Barra No Banco,81.69014084507043,media\exercicios\GIFS ACADEMIA\COSTAS\Pullover com barra no banco declinado.gif
881,Puxada,Puxada Alta Unilateral Alta,81.69014084507043,media\exercicios\GIFS ACADEMIA\COSTAS\Puxada alta unilateral alta ajoelhada.gif
882,Agachamento,Agachamento Com Salto Usando Barra,75.55555555555556,media\exercicios\GIFS CROSSFIT\Agachamento com Salto usando Barra Hexagonal.gif
883,Outros,Flexão De Pernas Na Bola,67.6056338028169,media\exercicios\GIFS TREINAMENTO FUNCIONAL\Flexão de Pernas na Bola de Estabilidade.gif
891,Outros,Avanço Invertido,61.53846153846154,media\exercicios\GIFS ACADEMIA\OMBROS\Voador invertido.gif
892,Agachamento,Agachamento Goblet,70.58823529411764,media\exercicios\GIFS ACADEMIA\PERNAS\Agachamento com Cinto.gif
895,Outros,Elevação De Perna Em Pé,74.57627118644068,media\exercicios\GIFS TREINAMENTO FUNCIONAL\Elevação de panturrilha em pé.gif
897,Outros,Elevação De Joelho,71.42857142857143,media\exercicios\GIFS CALISTENIA\Flexão de joelhos.gif
899,Outros,Stiff Unilateral,80.76923076923077,media\exercicios\GIFS ACADEMIA\PERNAS\Stiff Unilateral com Halteres.gif
900,Outros,Elevação Com Barra Em,75.0,media\exercicios\GIFS ACADEMIA\PERNAS\Elevação com Barra em Degrau.gif
901,Outros,Extensão De Perna,65.38461538461539,media\exercicios\GIFS ACADEMIA\PERNAS\Extensão de Perna Unilateral.gif
902,Outros,Wall Sit,69.56521739130434,media\exercicios\GIFS TREINAMENTO FUNCIONAL\Wall Sit.gif
904,Outros,Subida No Step Com Elevação,77.77777777777779,media\exercicios\GIFS TREINAMENTO FUNCIONAL\Subida no Step com Elevação de Joelhos.gif
905,Outros,Afundo,68.75,media\exercicios\GIFS ACADEMIA\PERNAS\Afundo com Halteres.gif
906,Outros,Flexão De Pernas,68.29268292682926,media\exercicios\GIFS ABDOMINAIS\Elevação de Pernas.gif
907,Leg Press,Leg Press,56.41025641025641,media\exercicios\GIFS ACADEMIA\PERNAS\Leg Press Horizontal.gif
908,Outros,Flexão De Pernas Com Halteres,78.48101265822784,media\exercicios\GIFS ACADEMIA\ANTEBRAÇO\Flexão de Pulso Neutra Sentado com Halteres.gif
1165,Abdominal,Abdominal Com Braços,79.3103448275862,media\exercicios\GIFS ABDOMINAIS\Abdominal com Rolo Abdominal.gif
910,Agachamento,Agachamento Unilateral Cruzado,78.57142857142857,media\exercicios\GIFS ACADEMIA\PERNAS\Agachamento unilateral cruzado com haltere.gif
911,Outros,Pressão Unilateral Assistida Por,80.0,media\exercicios\GIFS ACADEMIA\PERNAS\Pressão Unilateral Assistida por Alavanca.gif
916,Tríceps Francês,Tríceps Francês,74.57627118644068,media\exercicios\GIFS ACADEMIA\TRÍCEPS\Tríceps Francês com Halteres.gif
917,Tríceps,Extensão De Tríceps Com Cabo Em Posição,81.25,media\exercicios\GIFS ACADEMIA\TRÍCEPS\Extensão de Tríceps com Cabo em Posição Ajoelhada.gif
923,Tríceps,Extensão De Tríceps Com Cabo,86.11111111111111,media\exercicios\GIFS ACADEMIA\TRÍCEPS\Extensão de tríceps lateral com cabo.gif
924,Tríceps Francês,Tríceps Francês Alternada Com Halteres No Banco,80.0,media\exercicios\GIFS ACADEMIA\TRÍCEPS\Tríceps Francês Alternada com Halteres no Banco Inclinado.gif
925,Outros,Extensão Concentrada Com Cabo,85.33333333333333,media\exercicios\GIFS ACADEMIA\TRÍCEPS\Extensão Concentrada com Cabo no Joelho.gif
928,Tríceps Francês,Tríceps Francês Com Halter,80.0,media\exercicios\GIFS ACADEMIA\TRÍCEPS\Tríceps Francês com Halteres.gif
929,Tríceps,Extensão De Tríceps Invertida,80.51948051948052,media\exercicios\GIFS ACADEMIA\TRÍCEPS\Extensão de tríceps com pegada invertida.gif
930,Tríceps,Extensão De Tríceps Com Barra W,83.78378378378379,media\exercicios\GIFS ACADEMIA\TRÍCEPS\Extensão de tríceps com barra em pé.gif
935,Tríceps Testa,Tríceps Testa Pegada Neutra,66.66666666666667,media\exercicios\GIFS ACADEMIA\TRÍCEPS\Tríceps testa pegada neutra com halteres.gif
936,Tríceps Testa,Tríceps Testa Com Barra Pegada,71.42857142857143,media\exercicios\GIFS ACADEMIA\TRÍCEPS\Tríceps Testa com Barra Pegada Invertida.gif
937,Tríceps,Tríceps Pulley Pegada,70.58823529411764,media\exercicios\GIFS ACADEMIA\TRÍCEPS\Tríceps Pulley barra V.gif
938,Supino,Supino,59.25925925925925,media\exercicios\GIFS ACADEMIA\TRÍCEPS\Supino Fechado.gif
942,Tríceps Testa,Extensão De Tríceps Testa Declinado,82.6086956521739,media\exercicios\GIFS ACADEMIA\TRÍCEPS\Extensão de Tríceps Testa Declinado Fechado.gif
943,Tríceps Testa,Tríceps Testa Com Banco Declinado,79.56989247311827,media\exercicios\GIFS ACADEMIA\TRÍCEPS\Tríceps Testa com Banco Declinado com Halteres.gif
944,Tríceps,Extensão De Tríceps Com Pegada,76.92307692307692,media\exercicios\GIFS ACADEMIA\TRÍCEPS\Extensão de tríceps com pegada invertida.gif
946,Tríceps Francês,Tríceps Francês Com Barra W Acima Da Cabeça,83.63636363636364,media\exercicios\GIFS ACADEMIA\TRÍCEPS\Tríceps francês com barra W acima da cabeça sentado.gif
947,Tríceps,Extensão De Tríceps Com Cabo Na Posição,80.41237113402062,media\exercicios\GIFS ACADEMIA\TRÍCEPS\Extensão de tríceps com cabo na posição horizontal.gif
948,Tríceps,Extensão De Tríceps Na Máquina Pegada,83.14606741573034,media\exercicios\GIFS ACADEMIA\TRÍCEPS\Extensão de tríceps na máquina pegada neutra.gif
949,Tríceps Francês,Tríceps Francês No Banco Inclinado,75.78947368421053,media\exercicios\GIFS ACADEMIA\TRÍCEPS\Tríceps francês no banco inclinado com halter.gif
950,Tríceps,Extensão De Tríceps No Cabo,80.59701492537313,media\exercicios\GIFS ACADEMIA\TRÍCEPS\Extensão de tríceps no cabo alto.gif
953,Elevação Lateral,Elevação Lateral Unilateral,80.95238095238095,media\exercicios\GIFS ACADEMIA\OMBROS\Elevação lateral unilateral com halteres.gif
954,Remada,Remada De Deltoide Posterior Sentado,79.12087912087912,media\exercicios\GIFS ACADEMIA\OMBROS\Remada de deltoide posterior sentado com haltere.gif
955,Elevação Lateral,Elevação Lateral Com Braço,80.48780487804879,media\exercicios\GIFS ACADEMIA\OMBROS\Elevação lateral de braços com halteres.gif
956,Desenvolvimento,Desenvolvimento De Ombros Com Barra W Com Pegada,86.88524590163934,media\exercicios\GIFS ACADEMIA\OMBROS\Desenvolvimento de ombros com barra W com pegada invertida.gif
958,Desenvolvimento,Desenvolvimento Cubano Sentado,74.15730337078652,media\exercicios\GIFS ACADEMIA\OMBROS\Desenvolvimento cubano sentado com halteres.gif
960,Remada,Remada Inversa Com Cabos,76.19047619047619,media\exercicios\GIFS ACADEMIA\OMBROS\Remada inversa com cabos deitado.gif
962,Elevação Lateral,Elevação Lateral De Halteres,82.35294117647058,media\exercicios\GIFS ACADEMIA\OMBROS\Elevação lateral unilateral com halteres.gif
963,Elevação Lateral,Elevação Lateral Alternada,80.48780487804879,media\exercicios\GIFS ABDOMINAIS\Elevação Lateral Alternada com Halteres.gif
965,Elevação Lateral,Elevação Lateral Cruzada,75.32467532467533,media\exercicios\GIFS ACADEMIA\OMBROS\Elevação lateral unilateral com cabo.gif
966,Remada,Remada Lateral Com Halteres,89.85507246376811,media\exercicios\GIFS ACADEMIA\OMBROS\Remada lateral com halteres sentado.gif
967,Desenvolvimento,Desenvolvimento Militar Com Pegada,78.26086956521739,media\exercicios\GIFS ACADEMIA\OMBROS\Desenvolvimento militar com pegada fechada.gif
970,Desenvolvimento,Desenvolvimento Militar Com Barra No Chão,82.45614035087719,media\exercicios\GIFS ACADEMIA\OMBROS\Desenvolvimento militar inclinado com barra presa no chão.gif
971,Elevação Lateral,Elevação Lateral E Frontal,78.04878048780488,media\exercicios\GIFS ACADEMIA\OMBROS\Elevação lateral e frontal com halteres.gif
973,Elevação Lateral,Elevação Lateral Unilateral Com Haltere,81.25,media\exercicios\GIFS ACADEMIA\OMBROS\Elevação lateral unilateral com halteres.gif
974,Elevação Lateral,Elevação Lateral De Braços,78.04878048780488,media\exercicios\GIFS ACADEMIA\OMBROS\Elevação lateral de braços com halteres.gif
978,Outros,Elevação Frontal Com Barra,86.56716417910448,media\exercicios\GIFS ACADEMIA\OMBROS\Elevação frontal com barra girando.gif
984,Outros,Elevação Frontal Com Barra W,84.05797101449275,media\exercicios\GIFS ACADEMIA\OMBROS\Elevação frontal com barra girando.gif
988,Outros,Elevação Frontal,76.92307692307692,media\exercicios\GIFS ACADEMIA\OMBROS\Elevação frontal com halteres.gif
991,Elevação Lateral,Elevação Lateral,78.26086956521739,media\exercicios\GIFS ACADEMIA\OMBROS\Elevação lateral unilateral com cabo.gif
993,Desenvolvimento,Desenvolvimento De Ombro Com Barra,76.08695652173914,media\exercicios\GIFS ACADEMIA\OMBROS\Desenvolvimento de ombro com barra sentado.gif
994,Remada,Remada Com Halteres Para A Posterior,80.89887640449437,media\exercicios\GIFS ACADEMIA\OMBROS\Remada com halteres para a posterior de ombros.gif
995,Desenvolvimento,Desenvolvimento De Ombro,83.33333333333334,media\exercicios\GIFS ACADEMIA\OMBROS\Desenvolvimento de ombro deitado.gif
996,Desenvolvimento,Desenvolvimento De Ombros Com Rotação Alternada,81.30081300813008,media\exercicios\GIFS ACADEMIA\OMBROS\Desenvolvimento de Ombros com Rotação Alternada com Halteres.gif
997,Outros,Elevação Frontal Alternada,83.33333333333334,media\exercicios\GIFS ACADEMIA\OMBROS\Elevação Frontal Alternada Com Halteres.gif
998,Outros,Voador,62.06896551724138,media\exercicios\GIFS ACADEMIA\OMBROS\Voador invertido.gif
999,Desenvolvimento,Desenvolvimento De Ombro Alternada Em Pé,77.06422018348624,media\exercicios\GIFS ACADEMIA\OMBROS\Desenvolvimento de Ombro Alternada em Pé com Halteres.gif
1001,Elevação Lateral,Elevação Lateral Com Tronco,76.54320987654322,media\exercicios\GIFS ACADEMIA\OMBROS\Elevação lateral com tronco inclinado.gif
1002,Desenvolvimento,Desenvolvimento Cubano,71.60493827160495,media\exercicios\GIFS ACADEMIA\OMBROS\Desenvolvimento cubano sentado com halteres.gif
1003,Elevação Lateral,Elevação Lateral Com Halteres Para Deltoides Posteriores,81.75182481751825,media\exercicios\GIFS ACADEMIA\OMBROS\Elevação lateral com halteres para deltoides posteriores deitado.gif
1004,Outros,Elevação Frontal Com Dois Braços,85.71428571428572,media\exercicios\GIFS ACADEMIA\OMBROS\Elevação frontal com dois braços com halteres.gif
1006,Desenvolvimento,Desenvolvimento De Ombro Unilateral,79.16666666666666,media\exercicios\GIFS TREINAMENTO FUNCIONAL\Desenvolvimento de ombro unilateral com banda.gif
1007,Elevação Lateral,Elevação Lateral Com Halteres,86.04651162790698,media\exercicios\GIFS ACADEMIA\OMBROS\Elevação lateral unilateral com halteres.gif
1009,Desenvolvimento,Desenvolvimento Militar De Uma Mão,76.76767676767678,media\exercicios\GIFS ACADEMIA\OMBROS\Desenvolvimento militar de uma mão com kettlebell.gif
1010,Outros,Levantamento De Halteres De 3,86.48648648648648,media\exercicios\GIFS ACADEMIA\OMBROS\Levantamento de halteres de 3 maneiras.gif
1011,Desenvolvimento,Desenvolvimento De Ombros Atrás Do Pescoço,77.77777777777779,media\exercicios\GIFS ACADEMIA\OMBROS\Desenvolvimento de ombros atrás do pescoço sentado.gif
1015,Outros,Máquina Simulador,70.83333333333333,media\exercicios\GIFS ACADEMIA\CARDIO ACADEMIA\Máquina Simulador Escada.gif
1018,Outros,Bicicleta Ergométrica,77.96610169491525,media\exercicios\GIFS ACADEMIA\CARDIO ACADEMIA\Bicicleta Ergométrica Reclinada.gif
1024,Outros,Elevação,66.66666666666667,media\exercicios\GIFS ABDOMINAIS\Elevação de Pernas.gif
1030,Panturrilha,Levantamento De Panturrilha Com Apoio E,87.12871287128714,media\exercicios\GIFS ACADEMIA\PANTURRILHAS\Levantamento de panturrilha com apoio de uma perna.gif
1293,Outros,Flexão De Diamante,81.4814814814815,media\exercicios\GIFS CALISTENIA\Flexão de diamante de joelhos.gif
1039,Agachamento,Agachamento Com Sustentação E Elevação,73.07692307692308,media\exercicios\GIFS TREINAMENTO FUNCIONAL\Agachamento com Sustentação e Elevação de Panturrilhas.gif
1040,Panturrilha,Levantamento De Panturrilha,71.91011235955057,media\exercicios\GIFS ACADEMIA\PANTURRILHAS\Levantamento de panturrilha com apoio de uma perna.gif
1041,Rosca,Rosca Concentrada Com Pegada Fechada,90.69767441860466,media\exercicios\GIFS ACADEMIA\BÍCEPS\Rosca Concentrada com Pegada Fechada Sentado.gif
1043,Rosca,Máquina De Rosca,71.11111111111111,media\exercicios\GIFS ACADEMIA\BÍCEPS\Máquina de rosca direta.gif
1045,Rosca,Rosca Inversa,63.63636363636363,media\exercicios\GIFS ACADEMIA\BÍCEPS\Rosca inversa com barra W.gif
1048,Rosca,Rosca Direta Com Cabo,78.57142857142857,media\exercicios\GIFS ACADEMIA\BÍCEPS\Rosca Direta com Cabo deitado.gif
1053,Rosca,Rosca Bíceps Alta,75.47169811320755,media\exercicios\GIFS ACADEMIA\BÍCEPS\Rosca bíceps alta com halteres.gif
1056,Outros,Extensão De Quadril Em Pé,71.42857142857143,media\exercicios\GIFS ACADEMIA\GLÚTEOS\Extensão de Quadril em Pé com Alavanca.gif
1058,Outros,Quatro,76.92307692307692,media\exercicios\GIFS ACADEMIA\GLÚTEOS\Quatro Apoios.gif
1060,Outros,Ponte,66.66666666666667,media\exercicios\GIFS ACADEMIA\GLÚTEOS\Ponte com Halteres.gif
1061,Glúteo,Glúteo Coice Na Máquina De Extensão,80.45977011494253,media\exercicios\GIFS ACADEMIA\GLÚTEOS\Glúteo Coice Na Máquina De Extensão De Pernas.gif
1062,Outros,Extensão De Perna Na Máquina Smith,81.92771084337349,media\exercicios\GIFS ACADEMIA\GLÚTEOS\Extensão de Perna na Máquina Smith Reversa.gif
1063,Outros,Elevação Pélvica Na Máquina De Extensão,88.42105263157895,media\exercicios\GIFS ACADEMIA\GLÚTEOS\Elevação Pélvica na Máquina de Extensão de Pernas.gif
1064,Agachamento,Agachamento Na Máquina,80.0,media\exercicios\GIFS ACADEMIA\GLÚTEOS\Agachamento na Máquina Abdutora.gif
1066,Outros,Abdução Lateral Do Quadril,79.41176470588236,media\exercicios\GIFS ABDOMINAIS\Abdução de quadril no apoio lateral.gif
1067,Puxada,Puxada De Cabo,65.38461538461539,media\exercicios\GIFS ACADEMIA\TRAPÉZIO\Puxada de face com cabo cruzado.gif
1069,Glúteo,Glúteo Coice,70.0,media\exercicios\GIFS ACADEMIA\GLÚTEOS\Glúteo Coice No Smith.gif
1071,Outros,Crunch En Banco,68.08510638297872,media\exercicios\GIFS ABDOMINAIS\Crunch en banco declinado.gif
1072,Outros,V-Up Com Bola,63.41463414634146,media\exercicios\GIFS MOBILIDADE ALONGAMENTO LIBERAÇÃO\Rolando como uma Bola.gif
1077,Outros,Torção Com Tronco,74.50980392156863,media\exercicios\GIFS ABDOMINAIS\Torção com Tronco Inclinado.gif
1079,Outros,Torção Com Cabo,80.0,media\exercicios\GIFS ABDOMINAIS\Torção com Cabo Sentado.gif
1080,Outros,Toques Nos Dedos Com O Corpo,78.87323943661973,media\exercicios\GIFS ABDOMINAIS\Toques nos Dedos com o Corpo deitado.gif
1083,Outros,Tesoura,70.96774193548387,media\exercicios\GIFS TREINAMENTO FUNCIONAL\Tesoura de Braços.gif
1084,Outros,Toque,48.64864864864865,media\exercicios\GIFS CALISTENIA\Flexão com Toque no Peito.gif
1087,Prancha,Prancha Joelho Ao,66.66666666666667,media\exercicios\GIFS ABDOMINAIS\Prancha joelho ao cotovelo.gif
1088,Prancha,Prancha Com Movimento,70.0,media\exercicios\GIFS ABDOMINAIS\Prancha com Movimento de Aranha.gif
1090,Outros,Torção Com Barra,80.85106382978724,media\exercicios\GIFS ABDOMINAIS\Torção com Barra Sentado.gif
1094,Prancha,Prancha De Frente Para A Prancha,87.5,media\exercicios\GIFS ABDOMINAIS\Prancha de frente para a prancha lateral.gif
1095,Outros,Máquina De Torção,77.55102040816327,media\exercicios\GIFS ABDOMINAIS\Máquina de Torção Sentada.gif
1162,Abdominal,Abdominal Com Elevação,86.66666666666667,media\exercicios\GIFS ABDOMINAIS\Abdominal com Rolo Abdominal.gif
1098,Prancha,Prancha Com Abertura De Pernas - Perna,85.1063829787234,media\exercicios\GIFS ABDOMINAIS\Prancha com Abertura de Pernas - Perna Estendida.gif
1099,Outros,Toque Nos Dedos Dos Pés Com Giro,75.29411764705883,media\exercicios\GIFS ABDOMINAIS\Toque nos Dedos dos Pés com Giro de Caranguejo.gif
1100,Outros,Meio,58.33333333333333,media\exercicios\GIFS ACADEMIA\BÍCEPS\Rosca martelo.gif
1102,Prancha,Prancha Lateral Com Flexão,78.87323943661973,media\exercicios\GIFS ABDOMINAIS\Prancha lateral com flexão do quadril.gif
1106,Outros,Extensão Com Roda,70.83333333333333,media\exercicios\GIFS ACADEMIA\ERETORES DA ESPINHA\Extensão Lombar com Peso.gif
1107,Outros,Levantamento De Quadril Com Pernas Elevadas Em Banco,85.9504132231405,media\exercicios\GIFS ABDOMINAIS\Levantamento de quadril com pernas elevadas em banco inclinado.gif
1109,Outros,Posição,66.66666666666667,media\exercicios\GIFS ABDOMINAIS\Posição do Barco.gif
1111,Abdominal,Máquina De Abdominal,81.35593220338984,media\exercicios\GIFS ABDOMINAIS\Máquina de abdominal completo.gif
1113,Outros,Inclinação Lateral Em Pé,87.27272727272728,media\exercicios\GIFS ABDOMINAIS\Inclinação Lateral em Pé.gif
1116,Outros,Máquina De Abdominais,84.21052631578947,media\exercicios\GIFS ABDOMINAIS\Máquina de Abdominais Sentado.gif
1117,Abdominal,Máquina Abdominal,76.92307692307692,media\exercicios\GIFS ABDOMINAIS\Máquina Abdominal Coaster.gif
1121,Outros,Inclinação Lateral Com Peso Em Bola,75.26881720430107,media\exercicios\GIFS ABDOMINAIS\Inclinação Lateral com Peso em Bola de Estabilidade.gif
1122,Abdominal,Exercício De Vácuo Abdominal Em Quatro,90.32258064516128,media\exercicios\GIFS ABDOMINAIS\Exercício de vácuo abdominal em quatro apoios.gif
1124,Abdominal,Abdominal Infra No Solo Com Flexão,77.77777777777779,media\exercicios\GIFS ABDOMINAIS\Abdominal com Rolo Abdominal.gif
1127,Outros,Encolhimento,76.92307692307692,media\exercicios\GIFS ABDOMINAIS\Encolhimento Reverso.gif
1128,Outros,Flexão De Joelho Com Bola,71.05263157894737,media\exercicios\GIFS ABDOMINAIS\Abdominal infra no solo com flexão de joelho.gif
1129,Puxada,Elevação De Joelhos Com Puxada,85.71428571428572,media\exercicios\GIFS ABDOMINAIS\Elevação de Joelhos com Puxada de Pernas.gif
1134,Abdominal,Abdominal,80.85106382978724,media\exercicios\GIFS ABDOMINAIS\Abdominal com Rolo Abdominal.gif
1136,Outros,Elevação Em V,73.91304347826086,media\exercicios\GIFS ABDOMINAIS\Elevação em V com Halteres.gif
1137,Outros,Giro Com Barra Na Máquina,75.75757575757575,media\exercicios\GIFS ABDOMINAIS\Giro com Barra na Máquina Landmine.gif
1138,Outros,Escalador Cruzado,75.47169811320755,media\exercicios\GIFS ABDOMINAIS\Escalador Cruzado de Montanha.gif
1142,Outros,Arremesso Com Torção Russa Da Bola,84.0909090909091,media\exercicios\GIFS ABDOMINAIS\Arremesso com Torção Russa da Bola com Parceiro.gif
1145,Outros,Exercício,75.0,media\exercicios\GIFS ABDOMINAIS\Exercício Teaser.gif
1148,Abdominal,Abdominal Lateral No Banco,81.25,media\exercicios\GIFS ABDOMINAIS\Abdominal com Rolo Abdominal.gif
1150,Prancha,Chutes No Prancha,73.07692307692308,media\exercicios\GIFS ABDOMINAIS\Chutes no Prancha Invertida.gif
1151,Outros,Elevação Alternada,79.24528301886792,media\exercicios\GIFS ABDOMINAIS\Elevação Alternada de Pernas.gif
1152,Outros,Chutes Alternados,84.0,media\exercicios\GIFS ABDOMINAIS\Chutes Alternados Sentados.gif
1153,Abdominal,Abdominal Com Rolo,100.0,media\exercicios\GIFS ABDOMINAIS\Abdominal com Rolo Abdominal.gif
1155,Outros,Abdução De Quadril No Apoio,81.15942028985508,media\exercicios\GIFS ABDOMINAIS\Abdução de quadril no apoio lateral.gif
1156,Abdominal,Abdominal Com Giro,92.85714285714286,media\exercicios\GIFS ABDOMINAIS\Abdominal com Rolo Abdominal.gif
1158,Outros,Elevação De Perna,80.95238095238095,media\exercicios\GIFS ABDOMINAIS\Elevação de Pernas.gif
1167,Outros,Inclinação,74.28571428571429,media\exercicios\GIFS MOBILIDADE ALONGAMENTO LIBERAÇÃO\Inclinação Lateral.gif
1168,Outros,Levantamento De Braço Apoiado,82.66666666666667,media\exercicios\GIFS MOBILIDADE ALONGAMENTO LIBERAÇÃO\Levantamento de braço apoiado na parede.gif
1172,Outros,Postura Da Virilha,70.58823529411764,media\exercicios\GIFS MOBILIDADE ALONGAMENTO LIBERAÇÃO\Postura da Virilha Sentada.gif
1174,Outros,Postura Da Cobra - Alongamento,77.92207792207793,media\exercicios\GIFS MOBILIDADE ALONGAMENTO LIBERAÇÃO\Postura da Cobra - Alongamento Abdominal.gif
1175,Outros,Exercício De Bailarina,81.35593220338984,media\exercicios\GIFS MOBILIDADE ALONGAMENTO LIBERAÇÃO\Exercício de bailarina sentada.gif
1178,Outros,Torção Oblíqua,74.4186046511628,media\exercicios\GIFS MOBILIDADE ALONGAMENTO LIBERAÇÃO\Torção Oblíqua Sentada.gif
1186,Outros,Rotação Espinhal,68.08510638297872,media\exercicios\GIFS MOBILIDADE ALONGAMENTO LIBERAÇÃO\Rotação espinhal deitado.gif
1188,Outros,Alongamento Do Peito E Parte Frontal Dos,95.74468085106383,media\exercicios\GIFS MOBILIDADE ALONGAMENTO LIBERAÇÃO\Alongamento do Peito e Parte Frontal dos Ombros.gif
1189,Outros,Toque Nos Dedos Dos Pés,81.35593220338984,media\exercicios\GIFS MOBILIDADE ALONGAMENTO LIBERAÇÃO\Toque nos Dedos dos Pés em Pé.gif
1190,Outros,Rotação Para Trás,80.76923076923077,media\exercicios\GIFS MOBILIDADE ALONGAMENTO LIBERAÇÃO\Rotação para trás de joelhos.gif
1193,Outros,Exercício De Retração Escapular,80.51948051948052,media\exercicios\GIFS MOBILIDADE ALONGAMENTO LIBERAÇÃO\Exercício de retração escapular sentada.gif
1196,Outros,Rotação Externa Do Ombro Deitado,77.10843373493977,media\exercicios\GIFS MOBILIDADE ALONGAMENTO LIBERAÇÃO\Rotação externa do ombro deitado com haltere.gif
1199,Outros,Rotação Do Corpo Superior,83.07692307692307,media\exercicios\GIFS MOBILIDADE ALONGAMENTO LIBERAÇÃO\Rotação do corpo superior deitado.gif
1201,Outros,Rotação Da Coluna Torácica,85.71428571428572,media\exercicios\GIFS MOBILIDADE ALONGAMENTO LIBERAÇÃO\Rotação da coluna torácica de joelhos.gif
1202,Outros,Dorsiflexão,75.67567567567568,media\exercicios\GIFS MOBILIDADE ALONGAMENTO LIBERAÇÃO\Dorsiflexão plantar.gif
1203,Elevação Lateral,Elevação Lateral De Deltóide Posterior,83.01886792452831,media\exercicios\GIFS MOBILIDADE ALONGAMENTO LIBERAÇÃO\Elevação lateral de deltóide posterior com halteres.gif
1204,Outros,Rotação Externa Com Cabo Em Posição,88.63636363636364,media\exercicios\GIFS MOBILIDADE ALONGAMENTO LIBERAÇÃO\Rotação externa com cabo em posição de joelhos.gif
1206,Outros,Quadrúpede Com Elevação De Braço E Perna,79.20792079207921,media\exercicios\GIFS MOBILIDADE ALONGAMENTO LIBERAÇÃO\Quadrúpede com elevação de braço e perna contralateral.gif
1208,Outros,Rolo De Espuma Para Ombro E Peito,83.9506172839506,media\exercicios\GIFS MOBILIDADE ALONGAMENTO LIBERAÇÃO\Rolo de espuma para ombro e peito frontal.gif
1209,Outros,Contração,55.81395348837209,media\exercicios\GIFS ABDOMINAIS\Torção com Tronco Inclinado.gif
1210,Outros,Rolo De Espuma Para Fascite,81.15942028985508,media\exercicios\GIFS MOBILIDADE ALONGAMENTO LIBERAÇÃO\Rolo de espuma para fascite plantar.gif
1211,Outros,Rolo De Espuma Ombro,87.71929824561404,media\exercicios\GIFS MOBILIDADE ALONGAMENTO LIBERAÇÃO\Rolo de espuma ombro posterior.gif
1212,Outros,Rolamento De Espuma Para,82.35294117647058,media\exercicios\GIFS MOBILIDADE ALONGAMENTO LIBERAÇÃO\Rolamento de Espuma para Panturrilhas.gif
1213,Outros,Alongamento Em Círculos Nos,91.17647058823529,media\exercicios\GIFS MOBILIDADE ALONGAMENTO LIBERAÇÃO\Alongamento em Círculos nos Punhos.gif
1217,Outros,Alongamento Dos Ombros Por Trás Das,83.33333333333334,media\exercicios\GIFS MOBILIDADE ALONGAMENTO LIBERAÇÃO\Alongamento dos ombros por trás das costas.gif
1220,Panturrilha,Alongamento Sentado Para A Panturrilha Com Perna,88.88888888888889,media\exercicios\GIFS MOBILIDADE ALONGAMENTO LIBERAÇÃO\Alongamento Sentado para a Panturrilha com Perna Esticada.gif
1225,Outros,Alongamento,76.92307692307692,media\exercicios\GIFS MOBILIDADE ALONGAMENTO LIBERAÇÃO\Alongamento Borboleta.gif
1226,Outros,Alongamento Dos Flexores Do Quadril Em Posição,89.90825688073394,media\exercicios\GIFS MOBILIDADE ALONGAMENTO LIBERAÇÃO\Alongamento dos flexores do quadril em posição de joelho.gif
1227,Outros,Alongamento Do Peitoral Até As,83.78378378378379,media\exercicios\GIFS MOBILIDADE ALONGAMENTO LIBERAÇÃO\Alongamento do Peitoral até as Costas.gif
1228,Outros,Alongamento Dos Flexores De Quadril,80.45977011494253,media\exercicios\GIFS MOBILIDADE ALONGAMENTO LIBERAÇÃO\Alongamento dos flexores de quadril ajoelhado.gif
1231,Outros,Alongamentos De Pés E,77.41935483870968,media\exercicios\GIFS MOBILIDADE ALONGAMENTO LIBERAÇÃO\Alongamento de ombro reverso em pé.gif
1232,Outros,Alongamento Dos Adutores,85.71428571428572,media\exercicios\GIFS MOBILIDADE ALONGAMENTO LIBERAÇÃO\Alongamento dos adutores sentado.gif
1233,Outros,Rolagem De Espuma Para,80.0,media\exercicios\GIFS MOBILIDADE ALONGAMENTO LIBERAÇÃO\Rolagem de espuma para isquiotibiais.gif
1234,Outros,Alongamento Dos Adutores Em Posição Sentada Com Pernas,87.8048780487805,media\exercicios\GIFS MOBILIDADE ALONGAMENTO LIBERAÇÃO\Alongamento dos Adutores em Posição Sentada com Pernas Abertas.gif
1235,Outros,Rotação De Pé E,68.57142857142857,media\exercicios\GIFS MOBILIDADE ALONGAMENTO LIBERAÇÃO\Rotação em Pé.gif
1236,Outros,Deslize De Parede Do Serrátil Com Rolo,86.02150537634408,media\exercicios\GIFS MOBILIDADE ALONGAMENTO LIBERAÇÃO\Deslize de parede do serrátil com rolo de espuma.gif
1238,Outros,Alongamento Do Trato Iliotibial Com Rolo,82.4742268041237,media\exercicios\GIFS MOBILIDADE ALONGAMENTO LIBERAÇÃO\Alongamento do trato iliotibial com rolo de espuma.gif
1240,Outros,Alongamento Do Manguito,88.52459016393442,media\exercicios\GIFS MOBILIDADE ALONGAMENTO LIBERAÇÃO\Alongamento do manguito rotador.gif
1243,Outros,Rolamento De Espuma Nos,84.375,media\exercicios\GIFS MOBILIDADE ALONGAMENTO LIBERAÇÃO\Rolamento de espuma nos quadríceps.gif
1244,Outros,Alongamento Do Peito Com Rolo,82.66666666666667,media\exercicios\GIFS MOBILIDADE ALONGAMENTO LIBERAÇÃO\Alongamento do peito com rolo de espuma.gif
1246,Outros,Alongamento Dos Isquiotibiais,87.67123287671232,media\exercicios\GIFS MOBILIDADE ALONGAMENTO LIBERAÇÃO\Alongamento dos Isquiotibiais Sentado.gif
1248,Outros,Alongamento Do Tibial,88.13559322033898,media\exercicios\GIFS MOBILIDADE ALONGAMENTO LIBERAÇÃO\Alongamento do tibial posterior.gif
1249,Outros,Alongamento Dos Adutores Da Coxa Com Rolo,86.86868686868688,media\exercicios\GIFS MOBILIDADE ALONGAMENTO LIBERAÇÃO\Alongamento dos adutores da coxa com rolo de espuma.gif
1250,Outros,Alongamento De Quadríceps Em Quatro,83.33333333333334,media\exercicios\GIFS MOBILIDADE ALONGAMENTO LIBERAÇÃO\Alongamento de Quadríceps em Quatro Apoios.gif
1251,Outros,Rolamento De Espuma Nas,81.25,media\exercicios\GIFS MOBILIDADE ALONGAMENTO LIBERAÇÃO\Rolamento de espuma nos quadríceps.gif
1254,Outros,Alongamento Dos Adutores Com A Perna Estendida,84.40366972477065,media\exercicios\GIFS MOBILIDADE ALONGAMENTO LIBERAÇÃO\Alongamento dos Adutores com a Perna Estendida ajoelhado.gif
1260,Outros,Alongamento Dinâmico,81.35593220338984,media\exercicios\GIFS MOBILIDADE ALONGAMENTO LIBERAÇÃO\Alongamento Dinâmico do Peitoral.gif
1261,Outros,Alongamento Dos Isquiotibiais Em Pé,90.9090909090909,media\exercicios\GIFS MOBILIDADE ALONGAMENTO LIBERAÇÃO\Alongamento dos isquiotibiais em pé.gif
1262,Outros,Alongamento Do Piriforme,80.76923076923077,media\exercicios\GIFS MOBILIDADE ALONGAMENTO LIBERAÇÃO\Alongamento Piriforme.gif
1263,Outros,Alongamento Do Gastrocnêmio Com Joelho,80.85106382978724,media\exercicios\GIFS MOBILIDADE ALONGAMENTO LIBERAÇÃO\Alongamento do Gastrocnêmio com Joelho Flexionado.gif
1264,Outros,Alongamento Dos Isquiotibiais Em Pé Com A Perna,86.23853211009174,media\exercicios\GIFS MOBILIDADE ALONGAMENTO LIBERAÇÃO\Alongamento dos isquiotibiais em pé com a perna cruzada.gif
1265,Outros,Alongamento Do Ombro,79.3103448275862,media\exercicios\GIFS MOBILIDADE ALONGAMENTO LIBERAÇÃO\Alongamento do ombro com toalha.gif
1267,Panturrilha,Alongamento De Panturrilha,81.08108108108108,media\exercicios\GIFS MOBILIDADE ALONGAMENTO LIBERAÇÃO\Alongamento de panturrilha na parede.gif
1271,Outros,Alongamento De Quadríceps,81.25,media\exercicios\GIFS MOBILIDADE ALONGAMENTO LIBERAÇÃO\Alongamento em Pé dos Quadríceps.gif
1272,Outros,Alongamento De Isquiotibiais,84.05797101449275,media\exercicios\GIFS MOBILIDADE ALONGAMENTO LIBERAÇÃO\Alongamento de Isquiotibiais em Pé.gif
1274,Outros,Alongamento De Ombro Com O Braço,81.0126582278481,media\exercicios\GIFS MOBILIDADE ALONGAMENTO LIBERAÇÃO\Alongamento de ombro com o braço cruzado.gif
1276,Outros,Catavento,76.47058823529412,media\exercicios\GIFS MOBILIDADE ALONGAMENTO LIBERAÇÃO\Catavento corporal.gif
1278,Outros,Alongamento Da Parte Superior Das,82.5,media\exercicios\GIFS MOBILIDADE ALONGAMENTO LIBERAÇÃO\Alongamento da parte superior das costas.gif
1279,Outros,Alongamento Das Costas Com Rolo,83.54430379746836,media\exercicios\GIFS MOBILIDADE ALONGAMENTO LIBERAÇÃO\Alongamento das Costas com Rolo de Espuma.gif
1281,Glúteo,Alongamento De Glúteos,84.7457627118644,media\exercicios\GIFS MOBILIDADE ALONGAMENTO LIBERAÇÃO\Alongamento de Glúteos Deitado.gif
1282,Panturrilha,Alongamento Da Panturrilha Com Descida,77.77777777777779,media\exercicios\GIFS MOBILIDADE ALONGAMENTO LIBERAÇÃO\Alongamento de panturrilha com uma perna.gif
1284,Panturrilha,Alongamento Da Panturrilha,81.08108108108108,media\exercicios\GIFS MOBILIDADE ALONGAMENTO LIBERAÇÃO\Alongamento de panturrilha na parede.gif
1290,Outros,Alongamento Do Peitoral,80.64516129032258,media\exercicios\GIFS MOBILIDADE ALONGAMENTO LIBERAÇÃO\Alongamento Dinâmico do Peitoral.gif
1291,Outros,Flexão De Punho,76.0,media\exercicios\GIFS ACADEMIA\ANTEBRAÇO\Flexão de Punho com Halteres.gif
1295,Outros,Barra Fixa Com Pegada Invertida,78.48101265822784,media\exercicios\GIFS CALISTENIA\Barra fixa com pegada invertida assistido.gif
1296,Outros,Avanço Sem Peso,82.6086956521739,media\exercicios\GIFS CALISTENIA\Avanço sem Peso Corporal.gif
1297,Outros,Barra Fixa Com Pegada,73.6842105263158,media\exercicios\GIFS CALISTENIA\Barra Fixa com Pegada Fechada.gif
1299,Outros,Flexão,66.66666666666667,media\exercicios\GIFS CALISTENIA\Flexão de joelhos.gif
1300,Outros,Bandeira,66.66666666666667,media\exercicios\GIFS CALISTENIA\Bandeira Humana.gif
1302,Outros,Barra Fixa Com Braços,72.34042553191489,media\exercicios\GIFS CALISTENIA\Barra Fixa com Giro.gif
1304,Outros,Flexão De Perna Com Halteres Em Decúbito,85.1063829787234,media\exercicios\GIFS CALISTENIA\Flexão de Perna com Halteres em Decúbito Dorsal.gif
1313,Outros,Flexão De Braço Na Parede Com Pegada,82.75862068965517,media\exercicios\GIFS CALISTENIA\Flexão de Braço na Parede com Pegada Fechada.gif
1314,Outros,Flexão De Braço Com Bola Medicinal Com Apoio Em Um Braço,94.11764705882352,media\exercicios\GIFS CALISTENIA\Flexão de Braço com Bola Medicinal com Apoio em Um Braço.gif
1315,Agachamento,Agachamento Sissy Ajoelhado Com Peso,77.41935483870968,media\exercicios\GIFS CALISTENIA\Agachamento Sissy ajoelhado com Peso Corporal.gif
1319,Outros,Flexão De Braços Com Apoio Dos Joelhos,83.51648351648352,media\exercicios\GIFS CALISTENIA\Flexão de Braços com Apoio dos Joelhos Fechada.gif
1320,Outros,Flexão De Braço Com Uma Perna,89.23076923076923,media\exercicios\GIFS CALISTENIA\Flexão de Braço com Uma Perna.gif
1321,Outros,Paralelas Entre,65.21739130434783,media\exercicios\GIFS CALISTENIA\Paralelas entre Cadeiras.gif
1324,Agachamento,Agachamento Pistola,79.3103448275862,media\exercicios\GIFS CALISTENIA\Agachamento Pistola Apoiado.gif
1325,Outros,Flexão De Braço Declinada Com Bola,76.54320987654322,media\exercicios\GIFS CROSSFIT\Flexão de Braço com Bola de Estabilidade.gif
1326,Outros,Flexões De Apoio De Mão,79.36507936507937,media\exercicios\GIFS CALISTENIA\Flexões de apoio de mão na parede.gif
1330,Outros,Mergulho,70.58823529411764,media\exercicios\GIFS ACADEMIA\TRÍCEPS\Mergulho de tríceps.gif
1331,Outros,Suspensão,66.66666666666667,media\exercicios\GIFS CALISTENIA\Suspensão Passiva.gif
1333,Outros,Wall Sit Com Inclinação,73.01587301587303,media\exercicios\GIFS TREINAMENTO FUNCIONAL\Wall Sit com Inclinação de Tronco.gif
1335,Tríceps Francês,Tríceps Francês Em Pé,70.76923076923076,media\exercicios\GIFS ACADEMIA\TRÍCEPS\Tríceps Francês com Halteres.gif
1346,Agachamento,Salto Na Caixa Para Agachamento,75.60975609756098,media\exercicios\GIFS CROSSFIT\Salto na Caixa para Agachamento Pistola.gif
1349,Agachamento,Agachamento No Banco Com Peso,73.41772151898735,media\exercicios\GIFS TREINAMENTO FUNCIONAL\Agachamento no Banco com Peso Corporal.gif
1353,Agachamento,Agachamento Dividido,68.96551724137932,media\exercicios\GIFS ACADEMIA\PERNAS\Agachamento Hack Invertido.gif
1358,Outros,Flexão De Braço Com Bola,74.07407407407408,media\exercicios\GIFS TREINAMENTO FUNCIONAL\Flexão de Braço no Bosu.gif
1359,Agachamento,Agachamento Com Elevação Dos,73.6842105263158,media\exercicios\GIFS TREINAMENTO FUNCIONAL\Agachamento com Elevação dos Joelhos.gif
1361,Desenvolvimento,Desenvolvimento Militar Atrás Da Cabeça,78.50467289719626,media\exercicios\GIFS TREINAMENTO FUNCIONAL\Desenvolvimento militar atrás da cabeça com gymstick.gif
1362,Agachamento,Agachamento Com Chute Lateral E Toque,84.84848484848484,media\exercicios\GIFS TREINAMENTO FUNCIONAL\Agachamento com Chute Lateral e Toque no Calcanhar.gif
1363,Outros,Elevação Com Giro Do Cotovelo Oposto Para O,86.0,media\exercicios\GIFS TREINAMENTO FUNCIONAL\Elevação com Giro do Cotovelo Oposto para o Joelho.gif
1366,Outros,Nave Seal,56.25,media\exercicios\GIFS TREINAMENTO FUNCIONAL\Nave Seal Burpee.gif
1368,Agachamento,Agachamento Com Faixa Elástica Em,87.05882352941177,media\exercicios\GIFS TREINAMENTO FUNCIONAL\Agachamento com Faixa Elástica em Afundo.gif
1373,Outros,Salto Com Halteres,70.58823529411764,media\exercicios\GIFS ACADEMIA\BÍCEPS\Rosca Inversa com Halteres.gif
1375,Desenvolvimento,Desenvolvimento Lateral,69.33333333333334,media\exercicios\GIFS TREINAMENTO FUNCIONAL\Desenvolvimento lateral com gymstick.gif
1376,Outros,Salto Em Uma Perna Para A,84.375,media\exercicios\GIFS TREINAMENTO FUNCIONAL\Salto em Uma Perna para a Frente.gif
1379,Agachamento,Salto Em Agachamento Com Joelhos,72.72727272727273,media\exercicios\GIFS TREINAMENTO FUNCIONAL\Salto em Agachamento com Joelhos Flexionados.gif
1380,Agachamento,Agachamento Búlgaro Com Peso,75.36231884057972,media\exercicios\GIFS TREINAMENTO FUNCIONAL\Agachamento búlgaro com salto.gif
1381,Remada,Remada Unilateral,78.43137254901961,media\exercicios\GIFS ACADEMIA\COSTAS\Remada Unilateral com Barra.gif
1382,Tríceps,Extensão De Tríceps Com Faixas Elá,82.92682926829268,media\exercicios\GIFS TREINAMENTO FUNCIONAL\Extensão de Tríceps com Faixas Elásticas.gif
1385,Outros,Cruzado,59.25925925925925,media\exercicios\GIFS ACADEMIA\BÍCEPS\Rosca no Cabo.gif
1386,Outros,Corda,69.56521739130434,media\exercicios\GIFS CROSSFIT\Pular Corda.gif
1391,Remada,Remada Com Banda De Resistência Curvada Para Deltoides,89.60000000000001,media\exercicios\GIFS TREINAMENTO FUNCIONAL\Remada com banda de resistência curvada para deltoides posterior.gif
1392,Outros,Gancho,62.06896551724138,media\exercicios\GIFS ACADEMIA\TRÍCEPS\Tríceps no Banco.gif
1396,Tríceps,Extensão De Tríceps Com Elástico Na Posição,81.9047619047619,media\exercicios\GIFS TREINAMENTO FUNCIONAL\Extensão de tríceps com elástico na posição horizontal.gif
1398,Outros,Cruz De Ferro,73.91304347826086,media\exercicios\GIFS CROSSFIT\Cruz de ferro com halteres.gif
1449,Outros,Flexão De Pernas Na Bola De Estabilidade,91.95402298850574,media\exercicios\GIFS TREINAMENTO FUNCIONAL\Flexão de Pernas na Bola de Estabilidade.gif
1466,L Sit,Wall Sit,72.72727272727273,media\exercicios\GIFS TREINAMENTO FUNCIONAL\Wall Sit.gif
1468,Outros,Subida No Step Com Elevação De Joelhos,91.56626506024097,media\exercicios\GIFS TREINAMENTO FUNCIONAL\Subida no Step com Elevação de Joelhos.gif
1509,Elevação Lateral,Elevação Lateral Alternada Com Halteres,82.10526315789474,media\exercicios\GIFS ABDOMINAIS\Elevação Lateral Alternada com Halteres.gif
1547,Agachamento,Agachamento Com Sustentação E Elevação De Panturrilhas,90.0,media\exercicios\GIFS TREINAMENTO FUNCIONAL\Agachamento com Sustentação e Elevação de Panturrilhas.gif
1567,V Up,V Up Com Bola De Estabilidade,85.71428571428572,media\exercicios\GIFS ABDOMINAIS\V-Up com Bola de Estabilidade.gif
1635,Outros,Superman,69.56521739130434,media\exercicios\GIFS MOBILIDADE ALONGAMENTO LIBERAÇÃO\Superman.gif
1698,Outros,Alongamento Do Peitoral Reverso,89.85507246376811,media\exercicios\GIFS CALISTENIA\Alongamento do peitoral reverso.gif
1707,Outros,Flexão De Joelhos,82.92682926829268,media\exercicios\GIFS CALISTENIA\Flexão de joelhos.gif
1710,Outros,Flexão De Pernas Com Toalha,88.52459016393442,media\exercicios\GIFS CALISTENIA\Flexão de pernas com toalha.gif
1716,Outros,Flexão De Parede,82.05128205128204,media\exercicios\GIFS CALISTENIA\Flexão de Parede.gif
1718,Outros,Flexão De Braço Na Parede Com Pegada Fechada,92.63157894736842,media\exercicios\GIFS CALISTENIA\Flexão de Braço na Parede com Pegada Fechada.gif
1720,Outros,Flexão De Braços Com Apoio Dos Joelhos Fechada,92.92929292929293,media\exercicios\GIFS CALISTENIA\Flexão de Braços com Apoio dos Joelhos Fechada.gif
1727,Outros,Flexão De Braço Declinada Com Bola De Estabilidade,93.45794392523365,media\exercicios\GIFS CALISTENIA\Flexão de Braço Declinada com Bola de Estabilidade.gif
1851,Alongamento,Alongamento Dos Isquiotibiais Em Pé,85.36585365853658,media\exercicios\GIFS MOBILIDADE ALONGAMENTO LIBERAÇÃO\Alongamento dos isquiotibiais em pé.gif
1874,Alongamento,Alongamento Do Peitoral Reverso,83.78378378378379,media\exercicios\GIFS CALISTENIA\Alongamento do peitoral reverso.gif
1880,Wall Sit,Wall Sit,64.0,media\exercicios\GIFS TREINAMENTO FUNCIONAL\Wall Sit.gif
1930,Superman,Superman,64.0,media\exercicios\GIFS MOBILIDADE ALONGAMENTO LIBERAÇÃO\Superman.gif
1934,Step Up,Subida No Step Com Elevação De Joelhos,90.47619047619048,media\exercicios\GIFS TREINAMENTO FUNCIONAL\Subida no Step com Elevação de Joelhos.gif
